Date,Yield
1993-01-08,8.998
1993-01-15,9.0816
1993-01-22,9.6262
1993-01-29,9.7521
1993-02-05,9.8361
1993-02-12,10.0461
1993-02-18,9.8361
1993-02-26,10.2564
1993-03-05,10.4669
1993-03-12,10.6776
1993-03-19,10.8885
1993-03-26,10.973
1993-04-02,11.0997
1993-04-08,10.762
1993-04-16,9.5004
1993-04-22,9.5004
1993-04-29,9.8361
1993-05-07,9.7521
1993-05-14,9.6262
1993-05-21,9.7101
1993-05-28,9.7521
1993-06-04,9.9201
1993-06-11,9.9621
1993-06-18,10.0461
1993-06-25,10.0882
1993-07-02,10.0461
1993-07-09,10.0041
1993-07-16,9.8361
1993-07-23,9.8361
1993-07-30,9.7521
1993-08-06,9.4585
1993-08-13,9.3328
1993-08-20,9.249
1993-08-27,9.1653
1993-09-03,9.0816
1993-09-10,8.9143
1993-09-17,8.7054
1993-09-24,8.3716
1993-10-01,8.3716
1993-10-08,8.1633
1993-10-15,8.08
1993-10-22,8.2466
1993-10-29,8.1633
1993-11-05,8.2466
1993-11-12,8.1633
1993-11-19,8.4967
1993-11-26,8.6219
1993-12-03,8.5802
1993-12-10,8.0384
1993-12-17,7.9551
1993-12-24,7.8303
1993-12-30,7.7888
1994-01-07,8.08
1994-01-14,8.3299
1994-01-21,8.5802
1994-01-28,8.4967
1994-02-04,8.455
1994-02-11,8.3716
1994-02-18,8.3716
1994-02-25,8.2466
1994-03-04,7.8303
1994-03-11,7.4565
1994-03-18,7.0832
1994-03-25,7.332
1994-03-31,7.4565
1994-04-07,7.332
1994-04-15,7.249
1994-04-22,7.249
1994-04-29,7.249
1994-05-06,7.2076
1994-05-13,7.498
1994-05-20,7.581
1994-05-27,7.7472
1994-06-03,7.7472
1994-06-10,7.9967
1994-06-17,8.455
1994-06-24,8.7472
1994-07-01,9.0816
1994-07-08,9.0816
1994-07-15,8.9143
1994-07-22,8.5802
1994-07-29,8.7472
1994-08-05,8.2466
1994-08-12,7.9967
1994-08-19,7.9967
1994-08-26,8.08
1994-09-02,8.08
1994-09-08,8.08
1994-09-16,8.4133
1994-09-23,9.0816
1994-09-28,9.0816
1994-10-07,9.2072
1994-10-14,9.2072
1994-10-21,8.4967
1994-10-28,8.3299
1994-11-02,8.2883
1994-11-11,8.2466
1994-11-17,8.5802
1994-11-25,8.7472
1994-12-02,8.998
1994-12-09,9.3747
1994-12-16,9.7521
1994-12-23,9.8361
1994-12-30,10.2564
1995-01-06,10.509
1995-01-13,10.8463
1995-01-20,10.9308
1995-01-27,11.0997
1995-02-03,11.0997
1995-02-10,11.2265
1995-02-17,11.3957
1995-02-24,11.4803
1995-03-03,11.6073
1995-03-10,11.7344
1995-03-16,11.8192
1995-03-24,11.904
1995-03-31,11.9889
1995-04-07,11.9889
1995-04-15,12.0313
1995-04-21,11.904
1995-04-28,11.3957
1995-05-05,11.9464
1995-05-12,12.0738
1995-05-19,12.0738
1995-05-26,12.0738
1995-06-02,12.3286
1995-06-09,12.3286
1995-06-16,12.3711
1995-06-23,12.4987
1995-06-28,12.5838
1995-07-07,12.7115
1995-07-14,12.9672
1995-07-21,12.9672
1995-07-28,12.7541
1995-08-04,12.6689
1995-08-11,12.6689
1995-08-18,12.6264
1995-08-25,12.5838
1995-09-01,12.5413
1995-09-08,12.5413
1995-09-15,12.5413
1995-09-22,12.6689
1995-09-29,12.6689
1995-10-06,12.6689
1995-10-13,12.7541
1995-10-20,12.7967
1995-10-27,12.8819
1995-11-03,12.9672
1995-11-10,12.9672
1995-11-17,12.9672
1995-11-24,12.9672
1995-12-01,12.9672
1995-12-08,12.9672
1995-12-15,12.9672
1995-12-22,12.9672
1995-12-29,12.9672
1996-01-05,12.9672
1996-01-12,12.9672
1996-01-19,12.9672
1996-01-25,12.9672
1996-02-02,12.9672
1996-02-09,12.9672
1996-02-16,12.9672
1996-02-23,12.9672
1996-03-01,12.9672
1996-03-08,12.9672
1996-03-15,12.9672
1996-03-22,12.9672
1996-03-29,12.9672
1996-04-04,12.9672
1996-04-12,12.8393
1996-04-18,12.6264
1996-04-26,12.4562
1996-05-02,12.4137
1996-05-10,12.3711
1996-05-17,12.3711
1996-05-24,12.3711
1996-05-31,12.4137
1996-06-07,12.4137
1996-06-14,12.4137
1996-06-21,12.4137
1996-06-28,12.4137
1996-07-05,11.8616
1996-07-12,9.8781
1996-07-19,9.2072
1996-07-26,9.4585
1996-08-02,9.0398
1996-08-09,8.455
1996-08-16,9.4585
1996-08-23,9.9621
1996-08-30,9.9621
1996-09-06,9.9621
1996-09-13,10.0041
1996-09-20,10.1302
1996-09-27,10.1723
1996-10-04,10.1723
1996-10-11,10.0882
1996-10-18,10.0461
1996-10-25,8.8307
1996-11-01,6.9176
1996-11-08,7.2076
1996-11-15,7.2076
1996-11-22,8.1633
1996-11-29,8.1633
1996-12-06,8.0384
1996-12-13,8.1633
1996-12-20,8.1633
1996-12-27,8.1633
1997-01-03,8.1633
1997-01-10,8.1633
1997-01-17,8.1216
1997-01-24,8.08
1997-01-31,7.498
1997-02-07,7.7472
1997-02-14,7.9551
1997-02-21,7.9551
1997-02-28,7.9551
1997-03-06,7.9551
1997-03-14,7.7472
1997-03-21,7.9551
1997-03-27,7.9551
1997-04-04,7.2076
1997-04-11,6.4628
1997-04-17,5.7207
1997-04-25,6.2151
1997-05-02,6.2151
1997-05-09,6.2151
1997-05-16,6.7521
1997-05-23,6.7521
1997-05-30,6.7521
1997-06-06,6.7521
1997-06-13,7.0004
1997-06-20,7.0004
1997-06-27,7.0004
1997-07-04,6.959
1997-07-11,6.8348
1997-07-17,6.7521
1997-07-25,6.7107
1997-08-01,6.6694
1997-08-08,6.628
1997-08-14,6.5867
1997-08-21,6.5867
1997-08-29,6.5867
1997-09-05,6.5867
1997-09-12,6.8762
1997-09-19,6.8762
1997-09-26,6.8762
1997-10-03,6.8762
1997-10-10,6.8762
1997-10-17,6.8762
1997-10-24,6.2151
1997-10-31,6.2151
1997-11-07,6.2151
1997-11-13,6.2151
1997-11-21,6.2151
1997-11-28,6.2151
1997-12-05,7.2076
1997-12-12,7.2076
1997-12-19,7.2076
1997-12-26,7.2076
1998-01-02,7.2076
1998-01-09,7.2076
1998-01-16,7.2076
1998-01-23,7.332
1998-01-29,7.332
1998-02-06,7.332
1998-02-13,7.332
1998-02-20,7.332
1998-02-27,7.332
1998-03-06,7.332
1998-03-12,7.332
1998-03-20,7.332
1998-03-27,7.332
1998-04-03,7.332
1998-04-07,7.332
1998-04-17,7.332
1998-04-24,7.332
1998-05-08,7.1661
1998-05-15,7.332
1998-05-22,7.332
1998-05-29,7.332
1998-06-05,7.332
1998-06-12,7.332
1998-06-19,7.332
1998-06-26,7.332
1998-07-03,7.332
1998-07-10,7.7472
1998-07-17,7.7472
1998-07-24,7.7472
1998-07-31,7.7056
1998-08-07,7.498
1998-08-14,7.7472
1998-08-21,7.9967
1998-08-28,7.9967
1998-09-04,7.9967
1998-09-11,8.998
1998-09-18,8.998
1998-09-25,8.998
1998-09-30,8.9621
1998-10-09,8.9621
1998-10-16,10.0461
1998-10-23,10.0461
1998-10-30,10.0041
1998-11-06,9.5004
1998-11-13,9.3328
1998-11-20,9.4585
1998-11-27,9.5423
1998-12-04,9.3747
1998-12-11,9.4585
1998-12-18,9.4585
1998-12-24,9.5843
1999-01-01,9.5423
1999-01-08,9.5004
1999-01-15,9.5004
1999-01-22,9.4585
1999-01-29,9.5423
1999-02-05,9.3747
1999-02-12,9.5423
1999-02-19,9.5423
1999-02-26,9.5423
1999-03-05,8.789
1999-03-12,8.7472
1999-03-19,8.7472
1999-03-26,8.7472
1999-04-01,8.7472
1999-04-09,8.5385
1999-04-16,8.4133
1999-04-23,8.4133
1999-04-29,8.4133
1999-05-07,8.3716
1999-05-14,8.3716
1999-05-21,8.3716
1999-05-28,8.7472
1999-06-04,8.789
1999-06-11,8.9561
1999-06-18,8.998
1999-06-25,9.249
1999-07-02,9.2909
1999-07-09,9.2909
1999-07-16,9.2909
1999-07-23,9.249
1999-07-30,8.9561
1999-08-06,9.0816
1999-08-13,8.998
1999-08-20,9.4585
1999-08-27,9.4585
1999-09-03,9.4585
1999-09-10,9.4585
1999-09-17,9.4585
1999-09-24,9.4585
1999-10-01,9.4585
1999-10-08,9.4585
1999-10-15,9.4585
1999-10-22,9.4585
1999-10-29,9.4585
1999-11-05,9.3328
1999-11-12,9.3328
1999-11-19,9.3328
1999-11-26,9.4166
1999-12-03,8.9143
1999-12-10,8.4967
1999-12-17,8.9561
1999-12-24,8.9143
1999-12-30,9.0816
2000-01-07,9.249
2000-01-14,8.9561
2000-01-21,8.9561
2000-01-28,8.8725
2000-02-04,8.2466
2000-02-11,8.7054
2000-02-18,8.7054
2000-02-25,8.9561
2000-03-03,9.1235
2000-03-10,9.1235
2000-03-16,9.1653
2000-03-24,9.1653
2000-03-31,9.1653
2000-04-07,7.9967
2000-04-13,8.1216
2000-04-20,8.1633
2000-04-28,7.9135
2000-05-05,7.9967
2000-05-12,7.9967
2000-05-19,8.2049
2000-05-26,8.7054
2000-06-02,8.9143
2000-06-09,8.9143
2000-06-16,8.9143
2000-06-23,8.9143
2000-06-30,8.9143
2000-07-07,8.8307
2000-07-14,8.4967
2000-07-21,8.8725
2000-07-28,9.249
2000-08-04,8.5802
2000-08-11,10.1723
2000-08-18,10.1723
2000-08-25,10.4669
2000-08-31,10.4669
2000-09-08,10.3406
2000-09-15,10.2143
2000-09-22,10.1302
2000-09-29,10.0041
2000-10-06,9.5843
2000-10-13,9.9201
2000-10-20,9.6682
2000-10-27,9.5004
2000-11-03,9.2072
2000-11-10,9.0816
2000-11-17,8.9561
2000-11-24,9.0816
2000-12-01,8.9561
2000-12-08,8.8725
2000-12-15,8.9561
2000-12-22,8.9561
2000-12-29,8.7472
2001-01-05,8.7472
2001-01-12,8.9143
2001-01-19,8.8725
2001-01-25,8.8725
2001-02-02,8.7054
2001-02-09,8.5802
2001-02-16,8.4967
2001-02-23,8.3299
2001-03-02,7.9551
2001-03-09,7.9551
2001-03-16,8.4967
2001-03-23,8.4967
2001-03-30,8.7472
2001-04-04,8.4967
2001-04-12,8.1633
2001-04-20,7.8719
2001-04-27,7.7056
2001-05-04,7.3735
2001-05-11,7.7056
2001-05-16,7.7472
2001-05-23,7.7472
2001-05-30,7.3735
2001-06-06,7.498
2001-06-13,7.249
2001-06-20,7.1247
2001-06-27,7.0832
2001-07-04,7.0418
2001-07-11,7.0418
2001-07-18,7.1247
2001-07-25,7.0832
2001-08-01,7.0004
2001-08-08,6.959
2001-08-14,6.8762
2001-08-20,6.8762
2001-08-29,6.8348
2001-09-05,6.8348
2001-09-12,7.0004
2001-09-19,7.2076
2001-09-26,7.0004
2001-10-03,6.8762
2001-10-10,6.9176
2001-10-17,7.0004
2001-10-24,6.628
2001-10-31,6.7107
2001-11-07,6.7107
2001-11-13,6.7107
2001-11-21,6.7107
2001-11-28,6.5041
2001-12-05,6.5867
2001-12-12,6.7521
2001-12-19,6.959
2001-12-26,7.249
2002-01-02,6.959
2002-01-09,6.8348
2002-01-16,6.7107
2002-01-23,6.5867
2002-01-30,6.5454
2002-02-06,6.3389
2002-02-13,6.2563
2002-02-20,6.2563
2002-02-27,6.2151
2002-03-06,6.0914
2002-03-13,6.0501
2002-03-20,6.0501
2002-03-27,6.1326
2002-04-03,5.9677
2002-04-10,5.8442
2002-04-17,5.803
2002-04-24,5.9677
2002-04-30,6.1326
2002-05-08,6.3802
2002-05-15,7.0004
2002-05-22,6.959
2002-05-29,6.5867
2002-06-05,6.4215
2002-06-12,6.3802
2002-06-19,6.3389
2002-06-26,6.1326
2002-07-03,5.803
2002-07-10,5.7207
2002-07-17,5.8442
2002-07-24,5.8442
2002-07-31,5.803
2002-08-07,5.803
2002-08-14,5.803
2002-08-21,5.803
2002-08-28,5.7618
2002-09-04,5.6795
2002-09-11,5.7207
2002-09-18,5.7618
2002-09-25,5.7618
2002-10-01,5.7618
2002-10-09,5.7618
2002-10-16,5.7207
2002-10-23,5.7207
2002-10-30,5.515
2002-11-06,5.515
2002-11-13,5.515
2002-11-20,5.3917
2002-11-27,5.1043
2002-12-04,5.1864
2002-12-11,5.4328
2002-12-18,5.4739
2002-12-24,5.4739
2003-01-01,5.4328
2003-01-08,5.3917
2003-01-15,5.3917
2003-01-22,5.5561
2003-01-29,5.6384
2003-02-05,5.5561
2003-02-12,5.7207
2003-02-19,5.803
2003-02-26,5.803
2003-03-05,5.5972
2003-03-12,5.8853
2003-03-19,5.8853
2003-03-26,5.8853
2003-04-01,5.4739
2003-04-09,5.1864
2003-04-16,5.0633
2003-04-23,4.9403
2003-04-30,4.5307
2003-05-07,4.5717
2003-05-13,4.408
2003-05-21,4.4898
2003-05-28,4.7764
2003-06-04,4.8993
2003-06-11,4.9813
2003-06-18,4.9813
2003-06-25,4.9403
2003-07-02,5.0223
2003-07-09,4.9403
2003-07-16,4.8583
2003-07-23,4.7764
2003-07-30,4.7354
2003-08-06,4.9403
2003-08-13,4.9403
2003-08-20,4.9813
2003-08-27,4.7354
2003-09-03,4.6535
2003-09-10,4.6126
2003-09-17,4.5717
2003-09-24,4.5717
2003-10-01,4.4898
2003-10-08,4.4489
2003-10-15,4.408
2003-10-22,4.7764
2003-10-29,4.9403
2003-11-05,4.4489
2003-11-12,4.408
2003-11-19,4.3672
2003-11-25,4.2446
2003-12-03,4.2037
2003-12-10,4.2037
2003-12-17,4.2037
2003-12-24,4.1629
2003-12-31,4.2446
2004-01-07,4.2446
2004-01-14,4.2446
2004-01-21,4.2446
2004-01-28,4.3263
2004-02-04,4.3263
2004-02-11,4.3672
2004-02-17,4.408
2004-02-25,4.408
2004-03-03,4.2854
2004-03-10,4.2037
2004-03-17,4.2446
2004-03-24,4.2446
2004-03-31,4.3672
2004-04-07,4.3672
2004-04-13,4.408
2004-04-21,4.3672
2004-04-28,4.408
2004-05-05,4.408
2004-05-12,4.408
2004-05-19,4.3672
2004-05-26,4.408
2004-06-02,4.408
2004-06-09,4.4489
2004-06-16,4.4898
2004-06-23,4.4489
2004-06-30,4.4898
2004-07-07,4.4489
2004-07-14,4.4898
2004-07-21,4.4898
2004-07-28,4.4898
2004-08-04,4.4898
2004-08-11,4.9813
2004-08-18,4.8993
2004-08-25,4.6945
2004-09-01,4.6126
2004-09-08,4.6535
2004-09-15,4.7354
2004-09-22,4.8993
2004-09-29,5.0223
2004-10-06,5.0633
2004-10-12,5.1453
2004-10-20,5.1864
2004-10-27,5.3653
2004-11-03,5.4477
2004-11-10,5.5714
2004-11-17,5.6126
2004-11-24,5.283
2004-12-01,5.1595
2004-12-08,5.1595
2004-12-15,5.4065
2004-12-22,5.4889
2004-12-29,5.4065
2005-01-05,5.2418
2005-01-12,5.3241
2005-01-19,5.3653
2005-01-25,5.3241
2005-02-02,5.2418
2005-02-09,5.2418
2005-02-16,5.283
2005-02-23,5.2418
2005-03-02,5.2006
2005-03-09,5.2006
2005-03-16,5.2006
2005-03-22,5.3653
2005-03-30,5.3241
2005-04-06,5.283
2005-04-13,5.1595
2005-04-20,5.1183
2005-04-27,5.1183
2005-05-04,5.2006
2005-05-11,5.2006
2005-05-18,5.1595
2005-05-25,5.2006
2005-06-01,5.2006
2005-06-08,5.2418
2005-06-15,5.3241
2005-06-22,5.3241
2005-06-29,5.3653
2005-07-06,5.4065
2005-07-13,5.4889
2005-07-20,5.4889
2005-08-03,5.3241
2005-08-10,5.2418
2005-08-17,5.2006
2005-08-31,5.2006
2005-09-06,5.1595
2005-09-14,5.1183
2005-09-21,5.2006
2005-09-28,5.4889
2005-10-05,5.4065
2005-10-11,5.4889
2005-10-19,5.5302
2005-10-26,5.5714
2005-11-02,5.6951
2005-11-09,5.8189
2005-11-16,5.8189
2005-11-23,5.7364
2005-11-30,5.7364
2005-12-07,5.6539
2005-12-14,5.7776
2005-12-21,6.0254
2005-12-28,6.1081
2006-01-04,5.9428
2006-01-10,6.1908
2006-01-18,6.1908
2006-01-25,6.6877
2006-02-01,6.5634
2006-02-08,6.5634
2006-02-15,6.6877
2006-02-22,6.6877
2006-03-01,6.6877
2006-03-08,6.6462
2006-03-14,6.6048
2006-03-22,6.5219
2006-03-29,6.1081
2006-04-05,5.7776
2006-04-12,5.4889
2006-04-19,5.4065
2006-04-26,5.4065
2006-05-03,5.7364
2006-05-10,5.6539
2006-05-17,5.6539
2006-05-24,5.6951
2006-05-31,5.7364
2006-06-07,5.7364
2006-06-14,6.1908
2006-06-21,6.3149
2006-06-28,6.3563
2006-07-05,6.3977
2006-07-12,6.3977
2006-07-19,6.4391
2006-07-26,6.4391
2006-08-02,6.4391
2006-08-09,6.3563
2006-08-16,6.3977
2006-08-23,6.3977
2006-08-30,6.4391
2006-09-06,6.4391
2006-09-13,6.4805
2006-09-20,6.5219
2006-09-27,6.6048
2006-10-04,6.6048
2006-10-11,6.6048
2006-10-18,6.6462
2006-10-26,6.6462
2006-11-01,6.6462
2006-11-08,6.6462
2006-11-15,6.6462
2006-11-22,6.6462
2006-11-29,6.6877
2006-12-06,6.6462
2006-12-13,7.1027
2006-12-20,7.1027
2006-12-27,7.1858
2007-01-03,7.1443
2007-01-10,7.1443
2007-01-17,7.1443
2007-01-24,7.3937
2007-01-31,7.5602
2007-02-07,7.5186
2007-02-14,8.1022
2007-02-21,7.7685
2007-02-28,7.4769
2007-03-07,7.4769
2007-03-14,7.4769
2007-03-21,7.977
2007-03-28,7.977
2007-04-04,7.9353
2007-04-11,7.3521
2007-04-18,7.4769
2007-04-25,7.3521
2007-05-03,7.6851
2007-05-09,7.6018
2007-05-16,7.6435
2007-05-23,7.6435
2007-05-30,7.3937
2007-06-06,7.2274
2007-06-11,7.7268
2007-06-13,7.7685
2007-06-20,7.1858
2007-06-25,7.1443
2007-06-27,7.3937
2007-07-04,6.1908
2007-07-11,5.1183
2007-07-18,4.5022
2007-07-25,4.4612
2007-08-01,6.4805
2007-08-08,6.5634
2007-08-14,6.7292
2007-08-22,6.8121
2007-08-29,7.1027
2007-09-05,7.0612
2007-09-12,7.1027
2007-09-19,6.9781
2007-09-26,7.1858
2007-10-03,7.1443
2007-10-10,6.9781
2007-10-17,7.1027
2007-10-24,7.0196
2007-10-31,7.3105
2007-11-07,7.3105
2007-11-14,7.5186
2007-11-21,7.5186
2007-11-28,7.5186
2007-12-05,7.5186
2007-12-12,7.4353
2007-12-19,7.3521
2007-12-26,7.3521
2008-01-02,7.0196
2008-01-09,7.0196
2008-01-16,7.1027
2008-01-23,7.1858
2008-01-30,7.2689
2008-02-06,7.2689
2008-02-13,7.2689
2008-02-20,7.3937
2008-02-27,7.4353
2008-03-05,7.3937
2008-03-12,7.3937
2008-03-19,7.3105
2008-03-26,7.2274
2008-04-02,6.9366
2008-04-09,7.2274
2008-04-16,7.4353
2008-04-23,7.4353
2008-04-30,7.3521
2008-05-07,7.3105
2008-05-14,7.3937
2008-05-21,7.4769
2008-05-28,7.4769
2008-06-04,7.5602
2008-06-11,7.6851
2008-06-18,8.0604
2008-06-25,8.7293
2008-07-02,8.8131
2008-07-09,9.0227
2008-07-16,9.1066
2008-07-23,9.0646
2008-07-30,9.3584
2008-08-06,9.2325
2008-08-13,9.1485
2008-08-20,9.1485
2008-08-27,9.0646
2008-09-02,9.0227
2008-09-10,8.7293
2008-09-17,8.6456
2008-09-24,8.5619
2008-10-01,8.855
2008-10-08,8.4782
2008-10-15,8.6875
2008-10-22,7.1858
2008-10-29,7.4353
2008-11-05,7.3937
2008-11-12,7.3521
2008-11-19,7.3105
2008-11-26,7.1443
2008-12-03,6.6048
2008-12-10,5.6539
2008-12-17,5.4477
2008-12-24,5.0361
2008-12-31,4.7074
2009-01-07,4.7074
2009-01-14,4.5842
2009-01-21,4.6663
2009-01-28,4.7895
2009-02-04,4.8306
2009-02-11,4.7895
2009-02-18,4.7484
2009-02-25,4.7484
2009-03-04,4.6663
2009-03-12,4.5842
2009-03-18,4.8716
2009-03-25,4.9538
2009-04-02,4.5022
2009-04-08,4.0924
2009-04-15,3.8061
2009-04-22,3.357
2009-04-28,3.3162
2009-05-06,3.1532
2009-05-13,3.2754
2009-05-20,3.2754
2009-05-27,3.3162
2009-06-03,3.357
2009-06-10,3.357
2009-06-17,3.357
2009-06-24,3.3162
2009-07-01,3.1124
2009-07-08,3.2347
2009-07-15,3.2754
2009-07-22,3.2754
2009-07-29,3.2347
2009-08-05,3.2754
2009-08-12,3.357
2009-08-18,3.357
2009-08-26,3.3978
2009-09-02,3.3978
2009-09-09,3.3978
2009-09-16,3.3978
2009-09-23,3.3978
2009-09-29,3.1532
2009-10-07,3.2347
2009-10-14,3.2347
2009-10-21,3.2347
2009-10-28,3.2347
2009-11-04,3.2754
2009-11-11,3.2754
2009-11-18,3.2754
2009-11-25,3.2754
2009-12-02,3.3162
2009-12-09,3.3978
2009-12-16,3.6835
2009-12-23,3.7652
2009-12-30,3.6835
2010-01-06,3.3835
2010-01-13,3.8061
2010-01-20,3.9288
2010-01-27,4.0106
2010-02-03,4.0924
2010-02-10,4.0924
2010-02-17,4.1334
2010-02-24,4.1334
2010-03-03,4.2153
2010-03-10,4.3382
2010-03-17,4.4202
2010-03-23,4.4202
2010-03-30,4.3792
2010-04-07,3.9697
2010-04-13,4.2562
2010-04-21,4.1743
2010-04-28,4.1743
2010-05-05,4.1334
2010-05-12,4.1743
2010-05-19,4.2153
2010-05-26,5.0361
2010-06-02,5.2006
2010-06-09,5.2418
2010-06-16,5.3653
2010-06-23,5.3653
2010-06-30,5.283
2010-07-07,5.365
2010-07-14,5.406
2010-07-21,5.736
2010-07-28,5.736
2010-08-04,5.9841
2010-08-11,6.1495
2010-08-18,6.2735
2010-08-25,6.1908
2010-09-01,6.0668
2010-09-08,6.0254
2010-09-15,6.1495
2010-09-22,6.1908
2010-09-29,6.2735
2010-10-06,6.3977
2010-10-13,6.5634
2010-10-20,6.7706
2010-10-27,6.8536
2010-11-03,6.7706
2010-11-10,6.8536
2010-11-16,6.8121
2010-11-24,6.8536
2010-12-01,6.9366
2010-12-08,7.2274
2010-12-15,7.1858
2010-12-22,7.1858
2010-12-29,7.1858
2011-01-05,7.1027
2011-01-12,7.1443
2011-01-19,7.1858
2011-01-25,7.2274
2011-02-02,7.1858
2011-02-09,7.1443
2011-02-15,7.1443
2011-02-23,7.1443
2011-03-01,7.1443
2011-03-09,7.1443
2011-03-16,7.2274
2011-03-23,7.3105
2011-03-30,7.3105
2011-04-06,7.1443
2011-04-13,7.1858
2011-04-20,7.4353
2011-04-27,7.5186
2011-05-04,7.8936
2011-05-11,8.0604
2011-05-18,8.1022
2011-05-25,8.1439
2011-06-01,8.1857
2011-06-08,8.2275
2011-06-15,8.2692
2011-06-22,8.1857
2011-06-29,8.1857
2011-07-06,8.1857
2011-07-13,8.1439
2011-07-20,8.1022
2011-07-27,8.3946
2011-08-03,8.3946
2011-08-10,8.311
2011-08-17,8.3528
2011-08-24,8.3528
2011-08-30,8.3946
2011-09-07,8.3946
2011-09-14,8.3946
2011-09-21,8.4364
2011-09-28,8.4364
2011-10-05,8.4364
2011-10-12,8.4782
2011-10-19,8.6456
2011-10-25,8.6456
2011-11-02,8.6456
2011-11-09,8.855
2011-11-16,8.8969
2011-11-23,8.855
2011-11-30,8.8131
2011-12-07,8.6038
2011-12-14,8.4782
2011-12-21,8.3946
2011-12-28,8.4782
2012-01-04,8.5201
2012-01-11,8.5619
2012-01-18,8.6456
2012-01-25,8.7293
2012-02-01,8.8131
2012-02-08,8.8969
2012-02-15,8.9388
2012-02-22,9.0227
2012-02-29,9.0646
2012-03-07,9.0646
2012-03-14,8.9807
2012-03-21,8.9807
2012-03-28,9.0227
2012-04-04,8.8131
2012-04-11,8.7712
2012-04-18,8.311
2012-04-25,8.3946
2012-05-02,8.4364
2012-05-09,8.4364
2012-05-16,8.3946
2012-05-23,8.3946
2012-05-30,8.3946
2012-06-06,8.2692
2012-06-13,8.1439
2012-06-20,8.311
2012-06-27,8.311
2012-07-04,8.2692
2012-07-11,8.2275
2012-07-18,8.1857
2012-07-25,8.1439
2012-08-01,8.2275
2012-08-08,8.2275
2012-08-14,8.2692
2012-08-22,8.2275
2012-08-29,8.2275
2012-09-05,8.1439
2012-09-12,8.1439
2012-09-20,8.1022
2012-09-26,8.1439
2012-10-03,8.0604
2012-10-10,8.1022
2012-10-17,8.1022
2012-10-23,8.1022
2012-10-31,8.1439
2012-11-07,8.1439
2012-11-12,8.1857
2012-11-21,8.1857
2012-11-27,8.1857
2012-12-05,8.1857
2012-12-12,8.1857
2012-12-19,8.1439
2012-12-26,8.1857
2013-01-02,8.1022
2013-01-09,8.0604
2013-01-16,7.977
2013-01-23,7.977
2013-01-30,7.9353
2013-02-06,7.977
2013-02-13,7.977
2013-02-20,8.0187
2013-02-27,8.1022
2013-03-06,8.1022
2013-03-13,8.1022
2013-03-20,8.0187
2013-03-26,8.1857
2013-04-03,7.8519
2013-04-10,7.8102
2013-04-17,7.7268
2013-04-23,7.6435
2013-04-30,7.5602
2013-05-08,7.4769
2013-05-15,7.3105
2013-05-22,7.2689
2013-05-29,7.3105
2013-06-05,7.3521
2013-06-12,7.4769
2013-06-19,7.4353
2013-06-26,7.4769
2013-07-03,7.5186
2013-07-10,7.4769
2013-07-24,11.0031
2013-07-31,11.2573
2013-08-07,10.9185
2013-08-14,11.427
2013-08-21,11.0455
2013-08-28,12.0218
2013-09-04,11.2573
2013-09-11,10.6647
2013-09-18,10.4534
2013-09-25,9.6947
2013-10-01,9.5686
2013-10-09,8.855
2013-10-15,8.8969
2013-10-23,8.7712
2013-10-30,8.6038
2013-11-06,8.5619
2013-11-13,8.9807
2013-11-20,8.9388
2013-11-27,8.9388
2013-12-04,8.6456
2013-12-11,8.7712
2013-12-18,8.6456
2013-12-24,8.6875
2014-01-01,8.7293
2014-01-08,8.7293
2014-01-15,8.7293
2014-01-22,8.6875
2014-01-29,8.8969
2014-02-05,8.9807
2014-02-12,9.1066
2014-02-18,9.1066
2014-02-26,9.1485
2014-03-05,9.1905
2014-03-12,9.2744
2014-03-19,9.1905
2014-03-26,8.855
2014-04-02,8.9388
2014-04-09,8.8969
2014-04-16,8.855
2014-04-23,8.855
2014-04-30,8.855
2014-05-07,8.8131
2014-05-13,8.855
2014-05-21,8.6456
2014-05-28,8.6456
2014-06-04,8.5201
2014-06-11,8.5619
2014-06-18,8.5619
2014-06-25,8.5619
2014-07-02,8.5201
2014-07-09,8.5619
2014-07-16,8.6038
2014-07-23,8.6038
2014-07-30,8.6456
2014-08-06,8.6456
2014-08-13,8.6456
2014-08-20,8.6456
2014-08-27,8.6038
2014-09-03,8.6038
2014-09-10,8.6038
2014-09-17,8.6038
2014-09-24,8.5201
2014-10-01,8.5201
2014-10-08,8.4782
2014-10-14,8.4782
2014-10-22,8.4364
2014-10-29,8.4364
2014-11-05,8.311
2014-11-12,8.311
2014-11-19,8.2692
2014-11-26,8.2692
2014-12-03,8.2275
2014-12-10,8.2275
2014-12-17,8.3528
2014-12-24,8.3528
2014-12-31,8.311
2015-01-07,8.3946
2015-01-14,8.3946
2015-01-21,8.1857
2015-01-28,8.2275
2015-02-04,8.2692
2015-02-11,8.2692
2015-02-18,8.3528
2015-02-25,8.3946
2015-03-04,8.2275
2015-03-11,8.311
2015-03-18,8.311
2015-03-25,8.2692
2015-04-06,7.8519
2015-04-08,7.8519
2015-04-15,7.8519
2015-04-22,7.8936
2015-04-29,7.9353
2015-05-06,7.977
2015-05-13,7.977
2015-05-20,7.8936
2015-05-27,7.8519
2015-06-03,7.6851
2015-06-10,7.6851
2015-06-17,7.6851
2015-06-24,7.6851
2015-07-02,7.5602
2015-07-08,7.5186
2015-07-15,7.5186
2015-07-22,7.4769
2015-07-29,7.4769
2015-08-05,7.4353
2015-08-12,7.2689
2015-08-19,7.4353
2015-08-26,7.4353
2015-09-02,7.4353
2015-09-09,7.4353
2015-09-16,7.4769
2015-09-23,7.3937
2015-09-30,7.0612
2015-10-07,7.0612
2015-10-14,7.0612
2015-10-21,7.1027
2015-10-28,7.1027
2015-11-04,7.1027
2015-11-10,7.1443
2015-11-18,7.1443
2015-11-24,7.1443
2015-12-02,7.1443
2015-12-09,7.1858
2015-12-16,7.2274
2015-12-23,7.2274
2015-12-30,7.2274
2016-01-06,7.2274
2016-01-13,7.2274
2016-01-20,7.3105
2016-02-03,7.3521
2016-02-10,7.3521
2016-02-17,7.3521
2016-03-02,7.2689
2016-03-09,7.2689
2016-03-16,7.2689
2016-03-23,7.2274
2016-03-30,7.2689
2016-04-06,6.8536
2016-04-12,6.8121
2016-04-20,6.8121
2016-04-27,6.8121
2016-05-04,6.8536
2016-05-11,6.8536
2016-05-18,6.8536
2016-05-25,6.8536
2016-06-01,6.8536
2016-06-08,6.8121
2016-06-15,6.7706
2016-06-22,6.7706
2016-06-29,6.7292
2016-07-05,6.6048
2016-07-13,6.5634
2016-07-20,6.5634
2016-07-27,6.5634
2016-08-03,6.5634
2016-08-10,6.5634
2016-08-16,6.5634
2016-08-24,6.5634
2016-08-31,6.5634
2016-09-07,6.5634
2016-09-14,6.5219
2016-09-21,6.5219
2016-09-28,6.5219
2016-10-05,6.3563
2016-10-10,6.3563
2016-10-19,6.3977
2016-10-26,6.3563
2016-11-02,6.3977
2016-11-09,6.3149
2016-11-16,5.9428
2016-11-23,5.8602
2016-11-30,5.9428
2016-12-07,5.9428
2016-12-14,6.1908
2016-12-21,6.2322
2016-12-28,6.2735
2017-01-04,6.1908
2017-01-11,6.2735
2017-01-18,6.2735
2017-01-25,6.2322
2017-02-01,6.1908
2017-02-08,6.1081
2017-02-15,6.1908
2017-02-22,6.1495
2017-03-01,6.0668
2017-03-08,5.9428
2017-03-15,5.9428
2017-03-22,5.8602
2017-03-29,5.8189
2017-04-05,5.8602
2017-04-12,5.9841
2017-04-19,6.1081
2017-04-26,6.1908
2017-05-03,6.2322
2017-05-09,6.2735
2017-05-17,6.2735
2017-05-24,6.2735
2017-05-31,6.3149
2017-06-07,6.2735
2017-06-14,6.2735
2017-06-21,6.2735
2017-06-28,6.2735
2017-07-05,6.3149
2017-07-12,6.2322
2017-07-19,6.1081
2017-07-26,6.1495
2017-08-02,6.1495
2017-08-09,6.1495
2017-08-16,6.1495
2017-08-23,6.1081
2017-08-30,6.1081
2017-09-06,6.0668
2017-09-13,6.1081
2017-09-20,6.1081
2017-09-27,6.1081
2017-10-04,6.0668
2017-10-11,6.0668
2017-10-17,6.1081
2017-10-25,6.1081
2017-11-01,6.1081
2017-11-08,6.1081
2017-11-15,6.1081
2017-11-22,6.1081
2017-11-29,6.1495
2017-12-06,6.1495
2017-12-13,6.1495
2017-12-20,6.1908
2017-12-27,6.1908
2018-01-03,6.2735
2018-01-10,6.3149
2018-01-17,6.3563
2018-01-24,6.3977
2018-01-31,6.3977
2018-02-07,6.3977
2018-02-14,6.3563
2018-02-21,6.3563
2018-02-28,6.3563
2018-03-07,6.3149
2018-03-14,6.2322
2018-03-21,6.1495
2018-03-27,6.1081
2018-04-04,6.1081
2018-04-11,6.1081
2018-04-18,6.1081
2018-04-25,6.1908
2018-05-02,6.2322
2018-05-09,6.2735
2018-05-16,6.3149
2018-05-23,6.3977
2018-05-30,6.3977
2018-06-06,6.5219
2018-06-13,6.5219
2018-06-20,6.4805
2018-06-27,6.5219
2018-07-04,6.4805
2018-07-11,6.5219
2018-07-18,6.5219
2018-07-25,6.6877
2018-08-01,6.7292
2018-08-08,6.6877
2018-08-14,6.7706
2018-08-21,6.8121
2018-08-29,6.8121
2018-09-06,6.8536
2018-09-12,6.9781
2018-09-19,7.0612
2018-09-26,7.1858
2018-10-03,7.1443
2018-10-10,6.9366
2018-10-17,6.9366
2018-10-24,6.9366
2018-10-31,6.9366
2018-11-06,6.9366
2018-11-14,6.8951
2018-11-20,6.8121
2018-11-28,6.7706
2018-12-05,6.7292
2018-12-12,6.6877
2018-12-19,6.6048
2018-12-26,6.6462
2019-01-02,6.6462
2019-01-09,6.6462
2019-01-16,6.6462
2019-01-23,6.6048
2019-01-30,6.5634
2019-02-06,6.5634
2019-02-13,6.3977
2019-02-20,6.3977
2019-02-27,6.3977
2019-03-06,6.3977
2019-03-13,6.3563
2019-03-20,6.3149
2019-03-27,6.3149
2019-04-03,6.2322
2019-04-10,6.2735
2019-04-16,6.3149
2019-04-24,6.3977
2019-04-30,6.4391
2019-05-08,6.4805
2019-05-15,6.3977
2019-05-22,6.3563
2019-05-29,6.1908
2019-06-04,6.0668
2019-06-12,5.9428
2019-06-19,5.9841
2019-06-26,6.0254
2019-07-03,5.9841
2019-07-10,5.8602
2019-07-17,5.7364
2019-07-24,5.7364
2019-07-31,5.6539
2019-08-07,5.4477
2019-08-14,5.4889
2019-08-21,5.4477
2019-08-28,5.4065
2019-09-04,5.3653
2019-09-11,5.3241
2019-09-18,5.283
2019-09-25,5.4065
2019-10-01,5.3241
2019-10-09,5.2006
2019-10-16,5.1183
2019-10-23,5.0772
2019-10-30,5.0361
2019-11-06,5.034
2019-11-13,5.0505
2019-11-20,5.0196
2019-11-27,4.9896
2019-12-04,4.8901
2019-12-11,4.9982
2019-12-18,5.0073
2019-12-24,5.0258
2020-01-01,4.9386
2020-01-08,5.0525
2020-01-15,5.1381
2020-01-22,5.1167
2020-01-29,5.1266
2020-02-05,5.1241
2020-02-12,5.0949
2020-02-18,5.0566
2020-02-26,5.0793
2020-03-04,4.9538
2020-03-11,4.8696
2020-03-18,4.8297
2020-03-24,5.283
2020-03-30,4.3595
2020-04-08,4.2972
2020-04-15,4.1493
2020-04-22,3.7297
2020-04-29,3.6427
2020-05-06,3.5202
2020-05-13,3.4794
2020-05-20,3.2795
2020-05-27,3.1939
2020-06-03,3.3501
2020-06-10,3.4096
2020-06-17,3.2897
2020-06-24,3.1947
2020-07-01,3.1426
2020-07-08,3.178
2020-07-15,3.2196
2020-07-22,3.2489
2020-07-29,3.2979
2020-08-05,3.2815
2020-08-12,3.2689
2020-08-19,3.1491
2020-08-26,3.2367
2020-09-02,3.1939
2020-09-09,3.2294
2020-09-16,3.3195
2020-09-23,3.3578
2020-10-07,3.2754
2020-10-14,3.2489
2020-10-21,3.1878
2020-10-28,3.1972
2020-11-04,3.1735
2020-11-11,3.1442
2020-11-18,2.9789
2020-11-25,2.9292
2020-12-02,3.0473
2020-12-09,3.1092
2020-12-16,3.1275
2020-12-23,3.1092
2020-12-30,3.079
2021-01-06,3.0379
2021-01-13,3.2799
2021-01-20,3.324
2021-01-27,3.3468
2021-02-03,3.37
2021-02-10,3.3341
2021-02-17,3.1845
2021-02-24,3.1699
2021-03-03,3.2204
2021-03-10,3.2485
2021-03-17,3.2885
2021-03-24,3.328
2021-03-30,3.3162
2021-04-07,3.3505
2021-04-12,3.3496
2021-04-20,3.3382
2021-04-28,3.3199
2021-05-05,3.3346
2021-05-12,3.3692
2021-05-19,3.3786
2021-05-25,3.3998
2021-06-02,3.4125
2021-06-09,3.4035
2021-06-16,3.4692
2021-06-23,3.4679
2021-06-30,3.4443
2021-07-07,3.4439
2021-07-14,3.4341
2021-07-20,3.419
2021-07-28,3.388
2021-08-04,3.3815
2021-08-11,3.3892
2021-08-18,3.328
2021-08-25,3.2958
2021-09-01,3.2856
2021-09-08,3.2889
2021-09-15,3.3044
2021-09-22,3.3439
2021-09-29,3.4488
2021-10-06,3.4777
2021-10-13,3.3937
2021-10-20,3.4496
2021-10-27,3.561
2021-11-02,3.6488
2021-11-10,3.539
2021-11-17,3.5222
2021-11-24,3.53
2021-12-01,3.5243
2021-12-08,3.4945
2021-12-15,3.5296
2021-12-22,3.7023
2021-12-29,3.657
2022-01-05,3.5594
2022-01-12,3.5671
2022-01-19,3.6856
2022-01-25,3.708
2022-02-02,3.8838
2022-02-09,3.8887
2022-02-16,3.677
2022-02-23,3.6954
2022-03-02,3.7448
2022-03-09,3.8061
2022-03-16,3.7689
2022-03-23,3.7992
2022-03-30,3.84
2022-04-06,3.8682
2022-04-12,3.9795
2022-04-20,3.9599
2022-04-27,3.9799
2022-05-04,4.029
2022-05-11,4.9538
2022-05-18,4.9127
2022-05-25,4.8869
2022-06-01,4.9538
2022-06-08,4.9991
2022-06-15,5.0566
2022-06-22,5.0875
2022-06-29,5.1595
2022-07-06,5.1389
2022-07-13,5.2401
2022-07-20,5.3987
2022-07-27,5.6229
2022-08-03,5.5586
2022-08-10,5.5949
2022-08-17,5.5598
2022-08-24,5.5998
2022-08-30,5.6341
2022-09-07,5.6287
2022-09-14,5.7153
2022-09-21,5.88
2022-09-28,6.1776
2022-10-04,6.0783
2022-10-12,6.3145
2022-10-19,6.3563
2022-10-27,6.3994
2022-11-02,6.4702
2022-11-09,6.4764
2022-11-16,6.4374
2022-11-23,6.4482
2022-11-30,6.3977
2022-12-07,6.4474
2022-12-14,6.3977
2022-12-21,6.394
2022-12-28,6.3099
2023-01-04,6.3571
2023-01-11,6.389
2023-01-18,6.4238
2023-01-25,6.4731
2023-02-01,6.5588
2023-02-08,6.6699
2023-02-15,6.7292
2023-02-22,6.8154
2023-03-01,6.9391
2023-03-08,6.9677
2023-03-15,6.8573
2023-03-23,6.7366
2023-04-05,6.9192
2023-04-12,6.73
2023-04-19,6.7764
2023-04-26,6.8225
2023-05-03,6.8984
2023-05-10,6.9482
2023-05-17,6.8391
2023-05-24,6.7677
2023-05-31,6.7839
2023-06-07,6.7545
2023-06-14,6.7876
2023-06-21,6.737
2023-06-28,6.7599
2023-07-05,6.72
2023-07-12,6.7399
2023-07-19,6.7138
2023-07-26,6.72
2023-08-02,6.7188
2023-08-09,6.7487
2023-08-17,6.8781
2023-08-23,6.8569
2023-08-30,6.8225
2023-09-06,6.8001
2023-09-13,6.8474
2023-09-20,6.8548
2023-09-27,6.8648
2023-10-04,6.864
2023-10-11,6.8847
2023-10-18,6.893
2023-10-25,6.9349
2023-11-01,6.9325
2023-11-08,6.9221
2023-11-15,6.9374
2023-11-22,6.9474
2023-11-29,6.9599
2023-12-06,6.9549
2023-12-13,6.9781
2023-12-20,6.9441
2023-12-27,6.93
2024-01-03,6.9378
2024-01-10,6.9275
2024-01-17,6.9698
2024-01-31,7.0446
2024-02-07,7.0147
2024-02-14,7.0508
2024-02-21,7.0184
2024-02-28,6.9594
2024-03-06,6.8988
2024-03-13,6.8781
2024-03-20,6.8785
2024-03-27,7.0101
2024-04-03,6.8768
2024-04-10,6.8702
2024-04-18,6.8752
2024-04-24,6.92
2024-05-02,6.9972
2024-05-08,6.9997
2024-05-15,6.9885
2024-05-22,6.8536
2024-05-29,6.8478
2024-06-05,6.8619
2024-06-12,6.837
2024-06-19,6.815
2024-06-26,6.8034
2024-07-03,6.781
2024-07-10,6.7578
2024-07-18,6.7399
2024-07-24,6.713
2024-07-31,6.6736
2024-08-07,6.6351
2024-08-14,6.6152
2024-08-21,6.6388
2024-08-28,6.6342
2024-09-04,6.6301
2024-09-11,6.6462
2024-10-03,6.4739
2024-10-09,6.43
2024-10-16,6.4515
2024-10-23,6.4797
2024-10-30,6.5116
2024-11-06,6.4437
2024-11-13,6.4395
2024-11-21,6.4581
2024-11-27,6.4929
2024-12-04,6.4287
2024-12-11,6.4478
2024-12-18,6.4726
2024-12-26,6.5489
2025-01-01,6.5961
2025-01-08,6.594
2025-01-15,6.6036
2025-01-22,6.6089
2025-01-29,6.5625
2025-02-05,6.4681
2025-02-12,6.4445
2025-02-27,6.449
2025-03-05,6.4896
2025-03-12,6.49
2025-03-19,6.505
2025-03-26,6.5199
2025-04-02,6.3017
2025-04-09,6.03
2025-04-16,5.9354
2025-04-23,5.9048
