Date,Price
01/02/2007,4807.77
01/03/2007,4827.74
01/04/2007,4785.45
01/05/2007,4778.97
01/08/2007,4718.99
01/09/2007,4692.59
01/10/2007,4619.29
01/11/2007,4729.61
01/12/2007,4861.82
01/15/2007,4893.39
01/16/2007,4895.91
01/17/2007,4891.05
01/18/2007,4930.16
01/19/2007,4907.74
01/22/2007,4923.09
01/23/2007,4879.47
01/24/2007,4908.03
01/25/2007,4977.39
01/29/2007,4949.49
01/31/2007,4899.39
02/01/2007,4966.14
02/02/2007,5021.71
02/05/2007,5059.94
02/06/2007,5037.05
02/07/2007,5071.08
02/08/2007,5070.06
02/09/2007,5026.84
02/12/2007,4879.72
02/13/2007,4863.8
02/14/2007,4867.12
02/15/2007,4986.3
02/19/2007,5008.75
02/20/2007,4939.47
02/21/2007,4926.78
02/22/2007,4859.19
02/23/2007,4737.65
02/26/2007,4741.32
02/27/2007,4683.46
02/28/2007,4504.73
03/01/2007,4583.99
03/02/2007,4482.42
03/05/2007,4301.7
03/06/2007,4396.9
03/07/2007,4362.36
03/08/2007,4524.5
03/09/2007,4472.42
03/12/2007,4492.39
03/13/2007,4535.63
03/14/2007,4380.97
03/15/2007,4384.74
03/16/2007,4343.36
03/19/2007,4428.04
03/20/2007,4450.55
03/21/2007,4534.62
03/22/2007,4668.95
03/23/2007,4651.43
03/26/2007,4603.34
03/28/2007,4533.03
03/29/2007,4577.63
03/30/2007,4605.89
04/02/2007,4379.37
04/03/2007,4448.12
04/04/2007,4499.91
04/05/2007,4522.51
04/09/2007,4632.8
04/10/2007,4638.41
04/11/2007,4655.88
04/12/2007,4616.35
04/13/2007,4721.82
04/16/2007,4837.53
04/17/2007,4803.3
04/18/2007,4835.42
04/19/2007,4818.61
04/20/2007,4923.47
04/23/2007,4931.08
04/24/2007,4999.52
04/25/2007,5030.3
04/26/2007,5043.03
04/27/2007,4929.15
04/30/2007,4934.46
05/03/2007,5010.44
05/04/2007,4970.0
05/07/2007,4962.52
05/08/2007,4921.3
05/09/2007,4924.08
05/10/2007,4908.99
05/11/2007,4920.88
05/14/2007,4990.55
05/15/2007,4973.65
05/16/2007,5034.79
05/17/2007,5093.9
05/18/2007,5087.8
05/21/2007,5143.81
05/22/2007,5164.58
05/23/2007,5126.07
05/24/2007,5076.21
05/25/2007,5128.42
05/28/2007,5138.56
05/29/2007,5182.87
05/30/2007,5130.23
05/31/2007,5185.95
06/01/2007,5188.58
06/04/2007,5152.36
06/05/2007,5173.61
06/06/2007,5069.99
06/07/2007,5047.71
06/08/2007,5007.87
06/11/2007,5008.59
06/12/2007,5021.28
06/13/2007,4971.76
06/14/2007,5042.38
06/15/2007,5044.9
06/18/2007,5015.45
06/19/2007,5096.72
06/20/2007,5138.26
06/21/2007,5160.94
06/22/2007,5142.38
06/25/2007,5151.26
06/26/2007,5183.07
06/27/2007,5156.77
06/28/2007,5179.91
06/29/2007,5223.82
07/02/2007,5218.32
07/03/2007,5271.3
07/04/2007,5273.42
07/05/2007,5267.33
07/06/2007,5304.84
07/09/2007,5346.64
07/10/2007,5331.14
07/11/2007,5308.27
07/12/2007,5379.66
07/13/2007,5450.57
07/16/2007,5462.01
07/17/2007,5443.84
07/18/2007,5447.23
07/19/2007,5522.95
07/20/2007,5527.74
07/23/2007,5592.26
07/24/2007,5593.96
07/25/2007,5555.16
07/26/2007,5592.81
07/27/2007,5381.97
07/30/2007,5375.74
07/31/2007,5483.25
08/01/2007,5261.69
08/02/2007,5274.76
08/03/2007,5330.23
08/06/2007,5255.08
08/07/2007,5276.76
08/08/2007,5406.51
08/09/2007,5335.14
08/10/2007,5250.51
08/13/2007,5299.34
08/14/2007,5295.27
08/16/2007,5063.42
08/17/2007,4978.73
08/20/2007,5101.1
08/21/2007,4938.51
08/22/2007,5033.64
08/23/2007,4987.63
08/24/2007,5078.77
08/27/2007,5215.11
08/28/2007,5237.01
08/29/2007,5283.81
08/30/2007,5348.64
08/31/2007,5411.29
09/03/2007,5424.33
09/04/2007,5430.49
09/05/2007,5426.37
09/06/2007,5478.17
09/07/2007,5467.13
09/10/2007,5470.46
09/11/2007,5457.35
09/12/2007,5457.12
09/13/2007,5496.07
09/14/2007,5483.09
09/17/2007,5454.74
09/18/2007,5517.33
09/19/2007,5743.32
09/20/2007,5761.77
09/21/2007,5871.0
09/24/2007,5985.91
09/25/2007,5993.99
09/26/2007,5995.94
09/27/2007,6068.83
09/28/2007,6094.11
10/01/2007,6151.88
10/03/2007,6323.99
10/04/2007,6321.38
10/05/2007,6293.71
10/08/2007,6171.46
10/09/2007,6465.33
10/10/2007,6603.91
10/11/2007,6705.13
10/12/2007,6587.9
10/15/2007,6881.82
10/16/2007,6878.92
10/17/2007,6746.99
10/18/2007,6494.74
10/19/2007,6330.03
10/22/2007,6292.55
10/23/2007,6644.48
10/24/2007,6671.7
10/25/2007,6760.63
10/26/2007,6922.5
10/29/2007,7169.67
10/30/2007,7124.58
10/31/2007,7163.3
11/01/2007,7121.96
11/02/2007,7202.01
11/05/2007,7098.67
11/06/2007,7024.91
11/07/2007,7021.12
11/08/2007,6919.65
11/09/2007,6876.51
11/12/2007,6820.5
11/13/2007,6915.56
11/14/2007,7209.99
11/15/2007,7178.71
11/16/2007,7172.31
11/19/2007,7173.27
11/20/2007,7019.36
11/21/2007,6752.41
11/22/2007,6701.81
11/23/2007,6810.16
11/26/2007,6959.61
11/27/2007,6918.92
11/28/2007,6821.04
11/29/2007,6841.75
11/30/2007,6997.6
12/03/2007,7121.74
12/04/2007,7113.64
12/05/2007,7212.82
12/06/2007,7230.63
12/07/2007,7254.45
12/10/2007,7237.85
12/11/2007,7403.77
12/12/2007,7479.08
12/13/2007,7356.2
12/14/2007,7343.61
12/17/2007,7014.87
12/18/2007,6972.75
12/19/2007,6984.11
12/20/2007,7002.72
12/24/2007,7268.18
12/26/2007,7379.02
12/27/2007,7392.06
12/28/2007,7389.9
12/31/2007,7461.48
01/01/2008,7468.49
01/02/2008,7511.06
01/03/2008,7510.02
01/04/2008,7626.41
01/07/2008,7632.26
01/08/2008,7642.89
01/09/2008,7623.64
01/10/2008,7483.81
01/11/2008,7536.23
01/14/2008,7544.53
01/15/2008,7383.38
01/16/2008,7215.08
01/17/2008,7187.64
01/18/2008,6934.95
01/21/2008,6331.44
01/22/2008,5955.22
01/23/2008,6325.66
01/24/2008,6119.07
01/25/2008,6544.4
01/28/2008,6411.61
01/29/2008,6419.74
01/30/2008,6282.15
01/31/2008,6245.45
02/01/2008,6465.46
02/04/2008,6647.28
02/05/2008,6672.07
02/06/2008,6475.74
02/07/2008,6245.48
02/08/2008,6229.73
02/11/2008,5909.35
02/12/2008,5886.53
02/13/2008,5998.76
02/14/2008,6330.73
02/15/2008,6453.55
02/18/2008,6421.91
02/19/2008,6426.66
02/20/2008,6272.88
02/21/2008,6318.3
02/22/2008,6219.66
02/25/2008,6329.13
02/26/2008,6413.55
02/27/2008,6411.53
02/28/2008,6431.87
02/29/2008,6356.92
03/03/2008,6027.69
03/04/2008,5919.69
03/05/2008,5989.23
03/07/2008,5806.95
03/10/2008,5842.02
03/11/2008,5921.71
03/12/2008,5929.12
03/13/2008,5626.82
03/14/2008,5775.57
03/17/2008,5481.22
03/18/2008,5517.59
03/19/2008,5567.43
03/24/2008,5611.17
03/25/2008,5936.92
03/26/2008,5877.72
03/27/2008,5879.4
03/28/2008,6015.47
03/31/2008,5762.88
04/01/2008,5769.05
04/02/2008,5786.85
04/03/2008,5808.01
04/04/2008,5656.4
04/07/2008,5795.39
04/08/2008,5732.64
04/09/2008,5778.16
04/10/2008,5761.35
04/11/2008,5815.89
04/15/2008,5939.87
04/16/2008,5949.2
04/17/2008,6035.71
04/21/2008,6131.62
04/22/2008,6146.63
04/23/2008,6114.37
04/24/2008,6086.43
04/25/2008,6222.55
04/28/2008,6195.76
04/29/2008,6325.09
04/30/2008,6289.07
05/02/2008,6364.89
05/05/2008,6321.13
05/06/2008,6263.17
05/07/2008,6252.05
05/08/2008,6189.65
05/09/2008,6068.94
05/12/2008,6105.53
05/13/2008,6038.76
05/14/2008,6104.47
05/15/2008,6230.52
05/16/2008,6282.21
05/20/2008,6217.98
05/21/2008,6233.83
05/22/2008,6121.51
05/23/2008,6025.43
05/26/2008,5938.4
05/27/2008,5919.8
05/28/2008,5991.15
05/29/2008,5895.41
05/30/2008,5937.81
06/02/2008,5778.7
06/03/2008,5749.83
06/04/2008,5590.94
06/05/2008,5702.34
06/06/2008,5642.43
06/09/2008,5487.73
06/10/2008,5425.39
06/11/2008,5515.36
06/12/2008,5534.58
06/13/2008,5507.44
06/16/2008,5575.95
06/17/2008,5674.15
06/18/2008,5588.82
06/19/2008,5493.52
06/20/2008,5302.42
06/23/2008,5203.42
06/24/2008,5111.57
06/25/2008,5186.64
06/26/2008,5263.74
06/27/2008,5047.27
06/30/2008,4929.98
07/01/2008,4754.56
07/02/2008,4994.44
07/03/2008,4790.37
07/04/2008,4900.85
07/07/2008,4917.92
07/08/2008,4867.38
07/09/2008,5073.06
07/10/2008,5081.3
07/11/2008,4943.11
07/14/2008,4931.72
07/15/2008,4713.68
07/16/2008,4661.66
07/17/2008,4821.47
07/18/2008,5000.66
07/21/2008,5082.83
07/22/2008,5181.77
07/23/2008,5471.01
07/24/2008,5418.38
07/25/2008,5269.68
07/28/2008,5294.39
07/29/2008,5120.56
07/30/2008,5271.75
07/31/2008,5297.47
08/01/2008,5396.0
08/04/2008,5375.02
08/05/2008,5506.51
08/06/2008,5524.49
08/07/2008,5532.19
08/08/2008,5539.39
08/11/2008,5650.57
08/12/2008,5567.46
08/13/2008,5539.06
08/14/2008,5419.51
08/18/2008,5374.12
08/19/2008,5343.76
08/20/2008,5402.6
08/21/2008,5242.06
08/22/2008,5295.39
08/25/2008,5305.47
08/26/2008,5308.09
08/27/2008,5252.56
08/28/2008,5158.55
08/29/2008,5337.28
09/01/2008,5324.55
09/02/2008,5514.77
09/04/2008,5445.92
09/05/2008,5329.03
09/08/2008,5493.3
09/09/2008,5477.25
09/10/2008,5393.61
09/11/2008,5258.8
09/12/2008,5183.0
09/15/2008,4992.36
09/16/2008,4994.8
09/17/2008,4913.11
09/18/2008,4949.74
09/19/2008,5204.46
09/22/2008,5177.23
09/23/2008,5059.37
09/24/2008,5101.48
09/25/2008,5039.33
09/26/2008,4885.7
09/29/2008,4719.95
09/30/2008,4807.2
10/01/2008,4843.43
10/03/2008,4681.04
10/06/2008,4416.27
10/07/2008,4421.47
10/08/2008,4307.52
10/10/2008,4021.03
10/13/2008,4279.38
10/14/2008,4313.68
10/15/2008,4092.67
10/16/2008,4008.87
10/17/2008,3769.83
10/20/2008,3829.23
10/21/2008,3966.69
10/22/2008,3759.15
10/23/2008,3609.55
10/24/2008,3169.11
10/27/2008,3095.74
10/28/2008,3292.44
10/29/2008,3308.29
10/31/2008,3539.57
11/03/2008,3733.72
11/04/2008,3854.26
11/05/2008,3673.76
11/06/2008,3548.22
11/07/2008,3646.83
11/10/2008,3861.78
11/11/2008,3604.66
11/12/2008,3494.05
11/14/2008,3447.27
11/17/2008,3434.07
11/18/2008,3291.25
11/19/2008,3232.23
11/20/2008,3131.78
11/21/2008,3303.91
11/24/2008,3322.07
11/25/2008,3255.51
11/26/2008,3376.05
11/28/2008,3379.53
12/01/2008,3290.95
12/02/2008,3260.18
12/03/2008,3258.54
12/04/2008,3419.88
12/05/2008,3329.57
12/08/2008,3414.95
12/10/2008,3591.9
12/11/2008,3582.0
12/12/2008,3583.48
12/15/2008,3656.85
12/16/2008,3731.13
12/17/2008,3623.92
12/18/2008,3754.43
12/19/2008,3775.02
12/22/2008,3728.11
12/23/2008,3647.56
12/24/2008,3583.91
12/26/2008,3510.64
12/29/2008,3590.46
12/30/2008,3660.89
12/31/2008,3635.87
01/01/2009,3727.18
01/02/2009,3743.48
01/05/2009,3835.29
01/06/2009,3824.63
01/07/2009,3588.27
01/09/2009,3530.0
01/12/2009,3407.29
01/13/2009,3372.7
01/14/2009,3483.84
01/15/2009,3362.74
01/16/2009,3475.45
01/19/2009,3497.27
01/20/2009,3436.31
01/21/2009,3325.17
01/22/2009,3334.55
01/23/2009,3291.24
01/27/2009,3405.28
01/28/2009,3502.03
01/29/2009,3474.27
01/30/2009,3538.57
02/02/2009,3405.45
02/03/2009,3426.68
02/04/2009,3450.6
02/05/2009,3422.28
02/06/2009,3499.89
02/09/2009,3594.44
02/10/2009,3612.41
02/11/2009,3601.57
02/12/2009,3561.72
02/13/2009,3629.83
02/16/2009,3506.9
02/17/2009,3411.56
02/18/2009,3418.72
02/19/2009,3435.02
02/20/2009,3369.86
02/24/2009,3366.73
02/25/2009,3401.93
02/26/2009,3430.46
02/27/2009,3403.33
03/02/2009,3293.68
03/03/2009,3229.43
03/04/2009,3257.46
03/05/2009,3173.11
03/06/2009,3226.63
03/09/2009,3168.76
03/12/2009,3223.3
03/13/2009,3348.7
03/16/2009,3420.13
03/17/2009,3395.69
03/18/2009,3441.57
03/19/2009,3456.95
03/20/2009,3456.79
03/23/2009,3620.38
03/24/2009,3619.2
03/25/2009,3675.43
03/26/2009,3796.04
03/27/2009,3828.51
03/30/2009,3667.79
03/31/2009,3720.51
04/01/2009,3769.02
04/02/2009,3954.66
04/06/2009,4010.72
04/08/2009,4117.08
04/09/2009,4115.95
04/13/2009,4165.93
04/15/2009,4290.96
04/16/2009,4149.81
04/17/2009,4168.14
04/20/2009,4159.13
04/21/2009,4144.6
04/22/2009,4101.5
04/23/2009,4216.52
04/24/2009,4286.93
04/27/2009,4273.67
04/28/2009,4141.09
04/29/2009,4278.54
05/04/2009,4500.26
05/05/2009,4510.02
05/06/2009,4464.63
05/07/2009,4537.12
05/08/2009,4459.27
05/11/2009,4377.93
05/12/2009,4533.71
05/13/2009,4477.25
05/14/2009,4426.36
05/15/2009,4522.65
05/18/2009,5325.19
05/19/2009,5319.42
05/20/2009,5260.08
05/21/2009,5186.89
05/22/2009,5220.91
05/25/2009,5219.76
05/26/2009,5070.9
05/27/2009,5267.14
05/28/2009,5342.36
05/29/2009,5480.11
06/01/2009,5579.85
06/02/2009,5574.12
06/03/2009,5580.81
06/04/2009,5634.78
06/05/2009,5652.34
06/08/2009,5458.86
06/09/2009,5608.04
06/10/2009,5739.53
06/11/2009,5719.84
06/12/2009,5654.27
06/15/2009,5531.62
06/16/2009,5574.9
06/17/2009,5375.47
06/18/2009,5246.17
06/19/2009,5322.95
06/22/2009,5226.95
06/23/2009,5241.45
06/24/2009,5298.16
06/25/2009,5235.08
06/26/2009,5400.02
06/29/2009,5419.52
06/30/2009,5296.58
07/01/2009,5358.01
07/02/2009,5368.2
07/03/2009,5461.26
07/06/2009,5147.4
07/07/2009,5192.48
07/08/2009,5040.16
07/09/2009,5043.45
07/10/2009,4948.21
07/13/2009,4914.79
07/14/2009,5085.26
07/15/2009,5236.32
07/16/2009,5233.7
07/17/2009,5411.29
07/20/2009,5568.72
07/21/2009,5527.7
07/22/2009,5441.0
07/23/2009,5595.44
07/24/2009,5652.04
07/27/2009,5657.08
07/28/2009,5646.92
07/29/2009,5584.33
07/30/2009,5656.66
07/31/2009,5737.09
08/03/2009,5830.35
08/04/2009,5792.67
08/05/2009,5809.57
08/06/2009,5675.13
08/07/2009,5546.33
08/10/2009,5492.49
08/11/2009,5534.22
08/12/2009,5517.09
08/13/2009,5699.66
08/14/2009,5668.78
08/17/2009,5430.95
08/18/2009,5521.3
08/19/2009,5441.06
08/20/2009,5515.01
08/21/2009,5608.87
08/24/2009,5750.03
08/25/2009,5770.53
08/26/2009,5797.53
08/27/2009,5806.62
08/28/2009,5861.96
08/31/2009,5774.96
09/01/2009,5729.9
09/02/2009,5708.82
09/03/2009,5690.74
09/04/2009,5798.37
09/07/2009,5925.39
09/08/2009,5953.08
09/09/2009,5964.2
09/10/2009,5971.09
09/11/2009,5985.39
09/14/2009,5960.63
09/15/2009,6064.15
09/16/2009,6146.31
09/17/2009,6155.18
09/18/2009,6168.19
09/22/2009,6223.21
09/23/2009,6160.91
09/24/2009,6181.47
09/25/2009,6147.23
09/29/2009,6206.65
09/30/2009,6302.19
10/01/2009,6301.54
10/05/2009,6202.09
10/06/2009,6232.12
10/07/2009,6180.46
10/08/2009,6200.92
10/09/2009,6130.2
10/12/2009,6265.4
10/14/2009,6344.64
10/15/2009,6334.84
10/16/2009,6379.5
10/17/2009,6379.08
10/20/2009,6345.15
10/21/2009,6282.03
10/22/2009,6188.98
10/23/2009,6199.5
10/26/2009,6167.03
10/27/2009,6012.97
10/28/2009,5987.82
10/29/2009,5894.12
10/30/2009,5846.03
11/03/2009,5662.6
11/04/2009,5844.86
11/05/2009,5912.8
11/06/2009,5951.91
11/09/2009,6078.83
11/10/2009,6058.1
11/11/2009,6209.76
11/12/2009,6146.15
11/13/2009,6203.57
11/16/2009,6276.92
11/17/2009,6282.16
11/18/2009,6272.78
11/19/2009,6191.25
11/20/2009,6269.95
11/23/2009,6333.39
11/24/2009,6317.26
11/25/2009,6339.11
11/26/2009,6211.8
11/27/2009,6132.6
11/30/2009,6245.49
12/01/2009,6356.3
12/02/2009,6357.9
12/03/2009,6368.38
12/04/2009,6340.1
12/07/2009,6287.74
12/08/2009,6388.56
12/09/2009,6343.96
12/10/2009,6372.06
12/11/2009,6350.5
12/14/2009,6336.14
12/15/2009,6246.0
12/16/2009,6257.11
12/17/2009,6256.77
12/18/2009,6189.66
12/21/2009,6146.13
12/22/2009,6189.52
12/23/2009,6386.57
12/24/2009,6428.86
12/29/2009,6440.68
12/30/2009,6417.72
12/31/2009,6456.97
01/04/2010,6495.62
01/05/2010,6552.37
01/06/2010,6557.19
01/07/2010,6533.98
01/08/2010,6511.18
01/11/2010,6517.09
01/12/2010,6468.64
01/13/2010,6497.91
01/14/2010,6530.11
01/15/2010,6520.55
01/18/2010,6548.66
01/19/2010,6487.84
01/20/2010,6482.96
01/21/2010,6324.57
01/22/2010,6252.42
01/25/2010,6217.49
01/27/2010,6025.64
01/28/2010,6043.21
01/29/2010,6061.68
02/01/2010,6083.9
02/02/2010,5997.46
02/03/2010,6123.81
02/04/2010,6016.87
02/05/2010,5860.4
02/06/2010,5908.36
02/08/2010,5912.26
02/09/2010,5952.91
02/10/2010,5908.84
02/11/2010,5995.36
02/15/2010,5964.46
02/16/2010,6031.31
02/17/2010,6103.65
02/18/2010,6071.38
02/19/2010,6018.14
02/22/2010,6032.44
02/23/2010,6049.39
02/24/2010,6035.17
02/25/2010,6036.57
02/26/2010,6114.26
03/02/2010,6231.89
03/03/2010,6320.23
03/04/2010,6310.45
03/05/2010,6320.95
03/08/2010,6364.81
03/09/2010,6336.9
03/10/2010,6355.21
03/11/2010,6376.48
03/12/2010,6381.0
03/15/2010,6370.91
03/16/2010,6456.89
03/17/2010,6498.88
03/18/2010,6517.13
03/19/2010,6538.14
03/22/2010,6466.58
03/23/2010,6491.98
03/25/2010,6535.6
03/26/2010,6562.47
03/29/2010,6588.34
03/30/2010,6538.16
03/31/2010,6521.55
04/01/2010,6573.0
04/05/2010,6669.81
04/06/2010,6666.78
04/07/2010,6677.55
04/08/2010,6590.34
04/09/2010,6661.54
04/12/2010,6634.12
04/13/2010,6615.8
04/15/2010,6554.45
04/16/2010,6540.82
04/19/2010,6467.49
04/20/2010,6500.38
04/21/2010,6518.8
04/22/2010,6549.19
04/23/2010,6592.4
04/26/2010,6615.25
04/27/2010,6597.71
04/28/2010,6482.27
04/29/2010,6530.38
04/30/2010,6559.98
05/03/2010,6491.43
05/04/2010,6399.12
05/05/2010,6369.8
05/06/2010,6327.5
05/07/2010,6237.0
05/10/2010,6459.39
05/11/2010,6387.96
05/12/2010,6413.47
05/13/2010,6441.15
05/14/2010,6334.91
05/17/2010,6293.1
05/18/2010,6300.98
05/19/2010,6119.53
05/20/2010,6155.32
05/21/2010,6134.86
05/24/2010,6150.77
05/25/2010,5980.08
05/26/2010,6120.27
05/27/2010,6227.0
05/28/2010,6305.91
05/31/2010,6330.54
06/01/2010,6186.03
06/02/2010,6247.84
06/03/2010,6360.67
06/04/2010,6391.73
06/07/2010,6265.44
06/08/2010,6207.06
06/09/2010,6234.29
06/10/2010,6338.1
06/11/2010,6388.96
06/14/2010,6486.71
06/15/2010,6520.6
06/16/2010,6534.36
06/17/2010,6586.69
06/18/2010,6571.38
06/21/2010,6684.61
06/22/2010,6638.74
06/23/2010,6646.99
06/24/2010,6643.81
06/25/2010,6579.46
06/28/2010,6659.94
06/29/2010,6566.44
06/30/2010,6636.89
07/01/2010,6560.61
07/02/2010,6542.72
07/05/2010,6541.23
07/06/2010,6607.6
07/07/2010,6547.69
07/08/2010,6620.64
07/09/2010,6690.13
07/12/2010,6729.96
07/13/2010,6752.08
07/14/2010,6733.92
07/15/2010,6724.67
07/16/2010,6743.58
07/19/2010,6734.28
07/20/2010,6711.23
07/21/2010,6750.4
07/22/2010,6803.67
07/23/2010,6812.99
07/26/2010,6774.85
07/27/2010,6789.82
07/28/2010,6748.86
07/29/2010,6763.76
07/30/2010,6712.14
08/02/2010,6792.23
08/03/2010,6802.06
08/04/2010,6837.5
08/05/2010,6811.88
08/06/2010,6802.05
08/09/2010,6860.7
08/10/2010,6830.53
08/11/2010,6780.37
08/12/2010,6775.14
08/13/2010,6819.78
08/16/2010,6778.13
08/17/2010,6775.24
08/18/2010,6856.99
08/19/2010,6933.41
08/20/2010,6921.44
08/23/2010,6937.5
08/24/2010,6890.37
08/25/2010,6836.82
08/26/2010,6856.27
08/27/2010,6769.67
08/30/2010,6779.13
08/31/2010,6762.76
09/01/2010,6850.39
09/02/2010,6869.28
09/03/2010,6860.96
09/06/2010,6983.1
09/07/2010,7017.14
09/08/2010,7022.98
09/09/2010,7065.39
09/13/2010,7216.3
09/14/2010,7260.81
09/15/2010,7342.96
09/16/2010,7302.56
09/17/2010,7373.29
09/20/2010,7492.96
09/21/2010,7528.8
09/22/2010,7506.18
09/23/2010,7466.79
09/24/2010,7540.4
09/27/2010,7562.13
09/28/2010,7554.38
09/29/2010,7506.56
09/30/2010,7554.94
10/01/2010,7697.13
10/04/2010,7717.23
10/05/2010,7700.1
10/06/2010,7751.06
10/07/2010,7668.16
10/08/2010,7647.04
10/11/2010,7687.67
10/12/2010,7631.32
10/13/2010,7810.52
10/14/2010,7739.62
10/15/2010,7595.92
10/18/2010,7612.59
10/19/2010,7551.66
10/20/2010,7495.03
10/21/2010,7651.23
10/22/2010,7607.0
10/25/2010,7656.86
10/26/2010,7627.0
10/27/2010,7540.06
10/28/2010,7508.74
10/29/2010,7546.4
11/01/2010,7673.05
11/02/2010,7674.81
11/03/2010,7726.88
11/04/2010,7879.02
11/05/2010,7917.48
11/08/2010,7868.23
11/09/2010,7903.81
11/10/2010,7871.4
11/11/2010,7769.23
11/12/2010,7615.47
11/15/2010,7678.13
11/16/2010,7511.38
11/18/2010,7524.11
11/19/2010,7388.0
11/22/2010,7538.12
11/23/2010,7443.73
11/24/2010,7357.21
11/25/2010,7274.4
11/26/2010,7214.47
11/29/2010,7312.38
11/30/2010,7353.36
12/01/2010,7476.57
12/02/2010,7540.24
12/03/2010,7516.53
12/06/2010,7515.86
12/07/2010,7496.19
12/08/2010,7404.78
12/09/2010,7232.7
12/10/2010,7346.68
12/13/2010,7409.77
12/14/2010,7455.48
12/15/2010,7390.53
12/16/2010,7461.32
12/20/2010,7462.81
12/21/2010,7530.04
12/22/2010,7509.68
12/23/2010,7504.13
12/24/2010,7543.8
12/27/2010,7527.17
12/28/2010,7524.52
12/29/2010,7605.29
12/30/2010,7657.38
12/31/2010,7698.29
01/03/2011,7727.31
01/04/2011,7713.22
01/05/2011,7629.67
01/06/2011,7590.1
01/07/2011,7409.81
01/10/2011,7231.93
01/11/2011,7220.95
01/12/2011,7357.95
01/13/2011,7218.21
01/14/2011,7096.04
01/17/2011,7096.3
01/18/2011,7183.71
01/19/2011,7142.3
01/20/2011,7168.11
01/21/2011,7149.19
01/24/2011,7207.96
01/25/2011,7137.87
01/27/2011,7034.29
01/28/2011,6918.59
01/31/2011,6910.76
02/01/2011,6799.42
02/02/2011,6817.99
02/03/2011,6936.95
02/04/2011,6773.79
02/07/2011,6774.07
02/08/2011,6669.45
02/09/2011,6595.38
02/10/2011,6560.54
02/11/2011,6666.91
02/14/2011,6850.18
02/15/2011,6881.62
02/16/2011,6882.48
02/17/2011,6963.79
02/18/2011,6853.93
02/21/2011,6928.8
02/22/2011,6866.76
02/23/2011,6826.81
02/24/2011,6607.55
02/25/2011,6658.78
02/28/2011,6696.09
03/01/2011,6933.43
03/03/2011,6950.94
03/04/2011,6954.14
03/07/2011,6859.22
03/08/2011,6931.56
03/09/2011,6944.39
03/10/2011,6898.4
03/11/2011,6836.95
03/14/2011,6945.55
03/15/2011,6842.78
03/16/2011,6919.99
03/17/2011,6840.27
03/18/2011,6749.34
03/21/2011,6738.1
03/22/2011,6799.8
03/23/2011,6883.21
03/24/2011,6936.12
03/25/2011,7101.72
03/28/2011,7143.2
03/29/2011,7205.54
03/30/2011,7269.95
03/31/2011,7327.83
04/01/2011,7318.19
04/04/2011,7421.7
04/05/2011,7423.72
04/06/2011,7400.7
04/07/2011,7393.11
04/08/2011,7338.25
04/11/2011,7267.5
04/13/2011,7425.52
04/15/2011,7316.33
04/18/2011,7196.4
04/19/2011,7211.02
04/20/2011,7352.62
04/21/2011,7394.15
04/25/2011,7381.47
04/26/2011,7373.82
04/27/2011,7330.46
04/28/2011,7269.68
04/29/2011,7224.51
05/02/2011,7163.96
05/03/2011,6992.97
05/04/2011,6957.66
05/05/2011,6864.99
05/06/2011,6980.18
05/09/2011,6979.72
05/10/2011,6967.35
05/11/2011,6997.25
05/12/2011,6898.01
05/13/2011,6971.75
05/16/2011,6914.17
05/17/2011,6838.67
05/18/2011,6815.62
05/19/2011,6825.06
05/20/2011,6900.9
05/23/2011,6775.36
05/24/2011,6785.81
05/25/2011,6728.08
05/26/2011,6811.1
05/27/2011,6891.28
05/30/2011,6887.52
05/31/2011,6997.07
06/01/2011,7037.13
06/02/2011,6992.05
06/03/2011,6949.73
06/06/2011,6968.95
06/07/2011,6999.36
06/08/2011,6965.0
06/09/2011,6957.66
06/10/2011,6921.08
06/13/2011,6917.31
06/14/2011,6939.63
06/15/2011,6872.76
06/16/2011,6809.72
06/17/2011,6771.41
06/20/2011,6634.54
06/21/2011,6657.17
06/22/2011,6664.16
06/23/2011,6716.82
06/24/2011,6907.76
06/27/2011,6977.68
06/28/2011,7001.28
06/29/2011,7073.37
06/30/2011,7133.6
07/01/2011,7108.11
07/04/2011,7140.22
07/05/2011,7116.93
07/06/2011,7108.53
07/07/2011,7239.36
07/08/2011,7154.24
07/11/2011,7097.91
07/12/2011,6984.29
07/13/2011,7059.25
07/14/2011,7079.92
07/15/2011,7056.84
07/18/2011,7039.08
07/19/2011,7100.23
07/20/2011,7041.38
07/21/2011,7009.19
07/22/2011,7126.02
07/25/2011,7184.65
07/26/2011,7051.3
07/27/2011,7016.02
07/28/2011,6941.81
07/29/2011,6934.57
08/01/2011,6978.58
08/02/2011,6903.07
08/03/2011,6837.89
08/04/2011,6745.54
08/05/2011,6593.07
08/08/2011,6476.05
08/09/2011,6418.63
08/10/2011,6531.35
08/11/2011,6502.61
08/12/2011,6419.9
08/16/2011,6372.92
08/17/2011,6403.06
08/18/2011,6260.98
08/19/2011,6136.28
08/22/2011,6203.57
08/23/2011,6267.03
08/24/2011,6191.34
08/25/2011,6130.05
08/26/2011,6013.78
08/29/2011,6231.38
08/30/2011,6334.48
09/02/2011,6384.31
09/05/2011,6356.06
09/06/2011,6416.74
09/07/2011,6493.2
09/08/2011,6529.77
09/09/2011,6410.92
09/12/2011,6268.36
09/13/2011,6260.97
09/14/2011,6352.32
09/15/2011,6432.93
09/16/2011,6443.78
09/19/2011,6377.64
09/20/2011,6514.86
09/21/2011,6506.04
09/22/2011,6240.39
09/23/2011,6169.52
09/26/2011,6128.56
09/27/2011,6300.72
09/28/2011,6268.57
09/29/2011,6356.74
09/30/2011,6265.26
10/03/2011,6146.41
10/04/2011,6048.39
10/05/2011,6021.97
10/07/2011,6195.25
10/10/2011,6311.32
10/11/2011,6304.63
10/12/2011,6463.15
10/13/2011,6435.81
10/14/2011,6504.84
10/17/2011,6487.02
10/18/2011,6384.7
10/19/2011,6513.51
10/20/2011,6456.03
10/21/2011,6403.32
10/24/2011,6464.65
10/25/2011,6583.4
10/26/2011,6596.36
10/28/2011,6797.88
10/31/2011,6755.07
11/01/2011,6668.03
11/02/2011,6668.66
11/03/2011,6677.9
11/04/2011,6702.49
11/08/2011,6708.99
11/09/2011,6622.39
11/11/2011,6556.16
11/14/2011,6530.19
11/15/2011,6428.89
11/16/2011,6380.65
11/17/2011,6259.25
11/18/2011,6222.51
11/21/2011,6060.84
11/22/2011,6103.96
11/23/2011,5969.67
11/24/2011,6033.07
11/25/2011,5974.21
11/28/2011,6153.37
11/29/2011,6094.79
11/30/2011,6128.97
12/01/2011,6261.88
12/02/2011,6405.62
12/05/2011,6391.63
12/07/2011,6421.38
12/08/2011,6270.52
12/09/2011,6172.94
12/12/2011,6043.39
12/13/2011,6089.1
12/14/2011,6041.71
12/15/2011,6020.27
12/16/2011,5900.11
12/19/2011,5851.25
12/20/2011,5763.88
12/21/2011,5952.82
12/22/2011,6004.44
12/23/2011,5979.25
12/26/2011,6061.7
12/27/2011,6025.54
12/28/2011,5968.84
12/29/2011,5893.29
12/30/2011,5865.49
01/02/2012,5881.28
01/03/2012,6044.28
01/04/2012,6024.43
01/05/2012,6024.82
01/06/2012,6032.88
01/07/2012,6023.77
01/09/2012,6018.56
01/10/2012,6153.98
01/11/2012,6168.48
01/12/2012,6130.81
01/13/2012,6174.88
01/16/2012,6185.06
01/17/2012,6303.61
01/18/2012,6289.01
01/19/2012,6368.43
01/20/2012,6406.93
01/23/2012,6403.94
01/24/2012,6507.2
01/25/2012,6547.44
01/27/2012,6606.36
01/30/2012,6457.3
01/31/2012,6600.95
02/01/2012,6647.46
02/02/2012,6690.89
02/03/2012,6761.89
02/06/2012,6807.35
02/07/2012,6773.74
02/08/2012,6815.63
02/09/2012,6871.73
02/10/2012,6832.73
02/13/2012,6844.45
02/14/2012,6877.25
02/15/2012,7024.67
02/16/2012,7011.96
02/17/2012,7065.73
02/21/2012,7120.15
02/22/2012,6990.92
02/23/2012,6962.87
02/24/2012,6894.3
02/27/2012,6706.26
02/28/2012,6826.0
02/29/2012,6838.32
03/01/2012,6780.64
03/02/2012,6805.51
03/03/2012,6805.53
03/05/2012,6705.16
03/06/2012,6632.31
03/07/2012,6629.8
03/09/2012,6773.46
03/12/2012,6806.96
03/13/2012,6895.82
03/14/2012,6939.53
03/15/2012,6835.49
03/16/2012,6755.99
03/19/2012,6679.55
03/20/2012,6702.15
03/21/2012,6816.62
03/22/2012,6643.19
03/23/2012,6706.42
03/26/2012,6587.03
03/27/2012,6661.84
03/28/2012,6600.4
03/29/2012,6580.17
03/30/2012,6728.46
04/02/2012,6756.86
04/03/2012,6808.45
04/04/2012,6763.19
04/09/2012,6650.73
04/10/2012,6662.44
04/11/2012,6641.17
04/12/2012,6704.66
04/13/2012,6616.53
04/16/2012,6640.32
04/17/2012,6721.02
04/18/2012,6734.11
04/19/2012,6775.3
04/20/2012,6722.5
04/23/2012,6607.94
04/24/2012,6635.96
04/25/2012,6609.73
04/26/2012,6593.23
04/27/2012,6595.24
04/28/2012,6618.61
04/30/2012,6668.4
05/02/2012,6656.95
05/03/2012,6592.46
05/04/2012,6463.43
05/07/2012,6498.13
05/08/2012,6353.04
05/09/2012,6321.08
05/10/2012,6309.49
05/11/2012,6262.72
05/14/2012,6235.96
05/15/2012,6280.42
05/16/2012,6172.98
05/17/2012,6188.15
05/18/2012,6215.17
05/21/2012,6233.67
05/22/2012,6175.83
05/23/2012,6144.23
05/24/2012,6261.15
05/25/2012,6259.88
05/28/2012,6342.94
05/29/2012,6348.56
05/30/2012,6298.54
05/31/2012,6275.4
06/01/2012,6170.1
06/04/2012,6178.44
06/05/2012,6197.76
06/06/2012,6368.28
06/07/2012,6438.32
06/08/2012,6462.38
06/11/2012,6452.0
06/12/2012,6530.92
06/13/2012,6537.98
06/14/2012,6456.09
06/15/2012,6563.76
06/18/2012,6468.24
06/19/2012,6518.78
06/20/2012,6540.1
06/21/2012,6596.87
06/22/2012,6577.9
06/25/2012,6538.21
06/26/2012,6546.07
06/27/2012,6573.05
06/28/2012,6586.92
06/29/2012,6752.88
07/02/2012,6752.48
07/03/2012,6764.45
07/04/2012,6784.43
07/05/2012,6818.05
07/06/2012,6804.87
07/09/2012,6751.41
07/10/2012,6841.21
07/11/2012,6791.25
07/12/2012,6702.12
07/13/2012,6692.35
07/16/2012,6656.5
07/17/2012,6650.87
07/18/2012,6683.15
07/19/2012,6717.0
07/20/2012,6668.78
07/23/2012,6557.61
07/24/2012,6571.43
07/25/2012,6547.56
07/26/2012,6462.24
07/27/2012,6535.1
07/30/2012,6663.48
07/31/2012,6700.96
08/01/2012,6716.34
08/02/2012,6700.0
08/03/2012,6684.52
08/06/2012,6770.18
08/07/2012,6841.0
08/08/2012,6842.69
08/09/2012,6823.55
08/10/2012,6820.25
08/13/2012,6855.51
08/14/2012,6900.81
08/16/2012,6879.67
08/17/2012,6883.95
08/21/2012,6954.13
08/22/2012,6943.66
08/23/2012,6947.2
08/24/2012,6910.7
08/27/2012,6864.4
08/28/2012,6844.29
08/29/2012,6784.26
08/30/2012,6819.22
08/31/2012,6747.3
09/03/2012,6741.21
09/04/2012,6767.2
09/05/2012,6705.82
09/06/2012,6723.35
09/07/2012,6856.41
09/08/2012,6877.73
09/10/2012,6883.99
09/11/2012,6918.08
09/12/2012,6970.74
09/13/2012,6976.32
09/14/2012,7160.08
09/17/2012,7201.64
09/18/2012,7189.06
09/20/2012,7130.28
09/21/2012,7306.02
09/24/2012,7278.36
09/25/2012,7283.88
09/26/2012,7270.42
09/27/2012,7252.52
09/28/2012,7321.57
10/01/2012,7341.48
10/03/2012,7357.46
10/04/2012,7429.84
10/05/2012,7377.63
10/08/2012,7286.55
10/09/2012,7323.27
10/10/2012,7255.95
10/11/2012,7327.71
10/12/2012,7286.61
10/15/2012,7301.01
10/16/2012,7250.57
10/17/2012,7266.35
10/18/2012,7343.66
10/19/2012,7299.96
10/22/2012,7342.16
10/23/2012,7309.1
10/25/2012,7326.99
10/26/2012,7274.3
10/29/2012,7276.13
10/30/2012,7189.16
10/31/2012,7217.67
11/01/2012,7254.29
11/02/2012,7321.93
11/05/2012,7331.02
11/06/2012,7356.96
11/07/2012,7402.84
11/08/2012,7375.37
11/09/2012,7307.93
11/12/2012,7304.62
11/13/2012,7283.11
11/15/2012,7236.91
11/16/2012,7163.71
11/19/2012,7160.33
11/20/2012,7160.51
11/21/2012,7216.12
11/22/2012,7232.74
11/23/2012,7231.29
11/26/2012,7243.22
11/27/2012,7360.9
11/29/2012,7486.27
11/30/2012,7556.73
12/03/2012,7545.33
12/04/2012,7568.85
12/05/2012,7583.31
12/06/2012,7622.38
12/07/2012,7592.16
12/10/2012,7594.1
12/11/2012,7581.11
12/12/2012,7567.19
12/13/2012,7520.33
12/14/2012,7556.43
12/17/2012,7528.5
12/18/2012,7578.55
12/19/2012,7620.71
12/20/2012,7603.72
12/21/2012,7515.43
12/24/2012,7528.54
12/26/2012,7592.65
12/27/2012,7547.04
12/28/2012,7596.16
12/31/2012,7591.99
01/01/2013,7650.82
01/02/2013,7705.36
01/03/2013,7726.21
01/04/2013,7734.77
01/07/2013,7699.11
01/08/2013,7716.21
01/09/2013,7677.35
01/10/2013,7673.71
01/11/2013,7651.4
01/14/2013,7744.94
01/15/2013,7786.81
01/16/2013,7716.56
01/17/2013,7764.62
01/18/2013,7797.01
01/21/2013,7820.19
01/22/2013,7776.72
01/23/2013,7784.96
01/24/2013,7740.06
01/25/2013,7811.15
01/28/2013,7811.35
01/29/2013,7779.35
01/30/2013,7786.82
01/31/2013,7759.87
02/01/2013,7713.77
02/04/2013,7698.77
02/05/2013,7660.27
02/06/2013,7663.23
02/07/2013,7636.96
02/08/2013,7591.59
02/11/2013,7584.32
02/12/2013,7616.02
02/13/2013,7629.44
02/14/2013,7583.16
02/15/2013,7571.62
02/18/2013,7586.56
02/19/2013,7639.97
02/20/2013,7644.25
02/21/2013,7527.48
02/22/2013,7524.96
02/25/2013,7530.72
02/26/2013,7410.58
02/27/2013,7456.27
02/28/2013,7322.68
03/01/2013,7358.52
03/04/2013,7331.23
03/05/2013,7441.56
03/06/2013,7485.73
03/07/2013,7543.27
03/08/2013,7649.23
03/11/2013,7644.93
03/12/2013,7608.59
03/13/2013,7527.68
03/14/2013,7602.0
03/15/2013,7555.2
03/18/2013,7509.07
03/19/2013,7394.14
03/20/2013,7327.78
03/21/2013,7282.51
03/22/2013,7275.17
03/25/2013,7252.66
03/26/2013,7262.6
03/28/2013,7315.35
04/01/2013,7343.48
04/02/2013,7399.69
04/03/2013,7302.9
04/04/2013,7176.54
04/05/2013,7148.89
04/08/2013,7135.58
04/09/2013,7073.99
04/10/2013,7155.87
04/11/2013,7201.33
04/12/2013,7117.1
04/15/2013,7168.34
04/16/2013,7323.57
04/17/2013,7323.26
04/18/2013,7444.78
04/22/2013,7510.98
04/23/2013,7514.16
04/25/2013,7616.38
04/26/2013,7558.67
04/29/2013,7600.72
04/30/2013,7634.29
05/02/2013,7723.29
05/03/2013,7652.03
05/06/2013,7686.88
05/07/2013,7780.19
05/08/2013,7813.38
05/09/2013,7788.74
05/10/2013,7850.77
05/11/2013,7866.9
05/13/2013,7703.53
05/14/2013,7722.79
05/15/2013,7917.77
05/16/2013,7947.55
05/17/2013,7969.96
05/20/2013,7930.79
05/21/2013,7875.68
05/22/2013,7850.45
05/23/2013,7686.64
05/24/2013,7707.91
05/27/2013,7836.22
05/28/2013,7875.77
05/29/2013,7866.77
05/30/2013,7903.53
05/31/2013,7734.03
06/03/2013,7673.77
06/04/2013,7648.12
06/05/2013,7653.81
06/06/2013,7653.22
06/07/2013,7601.03
06/10/2013,7597.17
06/11/2013,7481.85
06/12/2013,7444.9
06/13/2013,7371.5
06/14/2013,7512.87
06/17/2013,7567.15
06/18/2013,7520.01
06/19/2013,7531.16
06/20/2013,7316.02
06/21/2013,7331.23
06/24/2013,7231.09
06/25/2013,7255.47
06/26/2013,7229.08
06/27/2013,7356.32
06/28/2013,7563.28
07/01/2013,7636.62
07/02/2013,7583.16
07/03/2013,7470.96
07/04/2013,7558.46
07/05/2013,7600.32
07/08/2013,7527.28
07/09/2013,7588.74
07/10/2013,7537.06
07/11/2013,7690.45
07/12/2013,7786.81
07/15/2013,7816.76
07/16/2013,7718.83
07/17/2013,7742.47
07/18/2013,7829.28
07/19/2013,7818.03
07/22/2013,7821.43
07/23/2013,7881.06
07/24/2013,7767.88
07/25/2013,7660.22
07/26/2013,7633.2
07/29/2013,7563.35
07/30/2013,7466.04
07/31/2013,7449.52
08/01/2013,7431.15
08/02/2013,7366.39
08/05/2013,7376.13
08/06/2013,7190.68
08/07/2013,7160.66
08/08/2013,7221.08
08/12/2013,7281.67
08/13/2013,7397.98
08/14/2013,7454.14
08/16/2013,7149.75
08/19/2013,7028.92
08/20/2013,7011.64
08/21/2013,6883.31
08/22/2013,7020.77
08/23/2013,7102.92
08/26/2013,7109.11
08/27/2013,6863.65
08/28/2013,6860.5
08/29/2013,7021.53
08/30/2013,7103.56
09/02/2013,7206.03
09/03/2013,6936.07
09/04/2013,7074.56
09/05/2013,7265.29
09/06/2013,7381.47
09/10/2013,7662.66
09/11/2013,7683.92
09/12/2013,7602.81
09/13/2013,7602.85
09/16/2013,7589.78
09/17/2013,7602.59
09/18/2013,7666.62
09/19/2013,7949.11
09/20/2013,7814.61
09/23/2013,7655.56
09/24/2013,7659.09
09/25/2013,7634.9
09/26/2013,7645.82
09/27/2013,7582.1
09/30/2013,7454.82
10/01/2013,7512.98
10/03/2013,7681.5
10/04/2013,7678.38
10/07/2013,7676.89
10/08/2013,7705.81
10/09/2013,7808.59
10/10/2013,7826.14
10/11/2013,7923.95
10/14/2013,7945.36
10/15/2013,7914.65
10/17/2013,7861.46
10/18/2013,8048.0
10/21/2013,8068.29
10/22/2013,8065.66
10/23/2013,8033.91
10/24/2013,8015.83
10/25/2013,7992.27
10/28/2013,7935.25
10/29/2013,8091.08
10/30/2013,8131.16
10/31/2013,8194.06
11/01/2013,8204.56
11/03/2013,8217.74
11/05/2013,8134.24
11/06/2013,8085.36
11/07/2013,8049.77
11/08/2013,7989.31
11/11/2013,7908.71
11/12/2013,7829.7
11/13/2013,7792.65
11/14/2013,7879.25
11/18/2013,8052.07
11/19/2013,8070.73
11/20/2013,7966.08
11/21/2013,7804.93
11/22/2013,7800.26
11/25/2013,7956.26
11/26/2013,7883.1
11/27/2013,7880.49
11/28/2013,7925.71
11/29/2013,8035.27
12/02/2013,8089.61
12/03/2013,8068.78
12/04/2013,8015.59
12/05/2013,8119.89
12/06/2013,8144.32
12/09/2013,8279.62
12/10/2013,8241.92
12/11/2013,8209.43
12/12/2013,8117.22
12/13/2013,8027.89
12/16/2013,8010.05
12/17/2013,7989.69
12/18/2013,8091.83
12/19/2013,8026.09
12/20/2013,8166.18
12/23/2013,8179.48
12/24/2013,8158.51
12/26/2013,8172.2
12/27/2013,8217.63
12/30/2013,8188.11
12/31/2013,8204.85
01/01/2014,8201.82
01/02/2014,8097.05
01/03/2014,8084.05
01/06/2014,8058.38
01/07/2014,8020.38
01/08/2014,8036.43
01/09/2014,8028.3
01/10/2014,8032.39
01/13/2014,8164.22
01/14/2014,8124.0
01/15/2014,8226.89
01/16/2014,8224.29
01/17/2014,8149.77
01/20/2014,8205.44
01/21/2014,8218.29
01/22/2014,8251.94
01/23/2014,8260.68
01/24/2014,8157.94
01/27/2014,7988.17
01/28/2014,7975.67
01/29/2014,7967.86
01/30/2014,7907.25
01/31/2014,7930.34
02/03/2014,7816.09
02/04/2014,7814.96
02/05/2014,7842.98
02/06/2014,7861.05
02/07/2014,7896.41
02/10/2014,7884.34
02/11/2014,7896.79
02/12/2014,7925.09
02/13/2014,7817.32
02/14/2014,7878.87
02/17/2014,7912.71
02/18/2014,7982.78
02/19/2014,8016.2
02/20/2014,7936.34
02/21/2014,8019.69
02/24/2014,8059.67
02/25/2014,8077.85
02/26/2014,8128.29
02/28/2014,8178.01
03/03/2014,8105.73
03/04/2014,8206.23
03/05/2014,8246.22
03/06/2014,8340.71
03/07/2014,8504.22
03/10/2014,8518.03
03/11/2014,8486.39
03/12/2014,8492.91
03/13/2014,8461.93
03/14/2014,8476.35
03/18/2014,8492.62
03/19/2014,8502.28
03/20/2014,8448.89
03/21/2014,8462.06
03/22/2014,8464.28
03/24/2014,8580.26
03/25/2014,8588.44
03/26/2014,8603.63
03/27/2014,8658.46
03/28/2014,8729.05
03/31/2014,8739.91
04/01/2014,8761.86
04/02/2014,8802.95
04/03/2014,8781.47
04/04/2014,8727.03
04/07/2014,8727.98
04/09/2014,8859.81
04/10/2014,8860.09
04/11/2014,8833.88
04/15/2014,8777.57
04/16/2014,8702.22
04/17/2014,8837.92
04/21/2014,8887.78
04/22/2014,8885.09
04/23/2014,8918.3
04/25/2014,8842.62
04/28/2014,8814.59
04/29/2014,8754.65
04/30/2014,8730.05
05/02/2014,8727.93
05/05/2014,8733.92
05/06/2014,8754.69
05/07/2014,8672.88
05/08/2014,8682.37
05/09/2014,8941.77
05/12/2014,9144.41
05/13/2014,9267.61
05/14/2014,9267.61
05/15/2014,9286.39
05/16/2014,9395.18
05/19/2014,9474.16
05/20/2014,9489.73
05/21/2014,9460.28
05/22/2014,9490.91
05/23/2014,9609.25
05/26/2014,9598.75
05/27/2014,9545.2
05/28/2014,9560.4
05/29/2014,9445.23
05/30/2014,9437.81
06/02/2014,9610.85
06/03/2014,9690.44
06/04/2014,9672.68
06/05/2014,9778.32
06/06/2014,9924.43
06/09/2014,10017.59
06/10/2014,10019.94
06/11/2014,9982.86
06/12/2014,10015.59
06/13/2014,9874.46
06/16/2014,9864.29
06/17/2014,9992.78
06/18/2014,9896.55
06/19/2014,9873.61
06/20/2014,9835.35
06/23/2014,9811.62
06/24/2014,9925.34
06/25/2014,9911.03
06/26/2014,9811.48
06/27/2014,9831.9
06/30/2014,9966.14
07/01/2014,9996.74
07/02/2014,10115.19
07/03/2014,10105.89
07/04/2014,10161.42
07/07/2014,10208.02
07/08/2014,9993.08
07/09/2014,9945.17
07/10/2014,9922.6
07/11/2014,9781.62
07/14/2014,9776.46
07/15/2014,9871.51
07/16/2014,9999.71
07/17/2014,10023.67
07/18/2014,10054.4
07/21/2014,10082.28
07/22/2014,10191.98
07/23/2014,10229.29
07/24/2014,10275.33
07/25/2014,10223.52
07/28/2014,10175.95
07/30/2014,10232.41
07/31/2014,10140.34
08/01/2014,9984.48
08/04/2014,10090.88
08/05/2014,10174.47
08/06/2014,10076.95
08/07/2014,10046.98
08/08/2014,9942.03
08/11/2014,10017.44
08/12/2014,10150.24
08/13/2014,10171.22
08/14/2014,10239.76
08/18/2014,10348.22
08/19/2014,10379.05
08/20/2014,10350.28
08/21/2014,10372.44
08/22/2014,10401.48
08/25/2014,10392.41
08/26/2014,10390.39
08/27/2014,10432.78
08/28/2014,10456.85
09/01/2014,10553.26
09/02/2014,10626.05
09/03/2014,10667.5
09/04/2014,10643.88
09/05/2014,10633.24
09/08/2014,10748.49
09/09/2014,10720.95
09/10/2014,10643.54
09/11/2014,10632.96
09/12/2014,10658.96
09/15/2014,10575.5
09/16/2014,10432.03
09/17/2014,10488.05
09/18/2014,10671.16
09/19/2014,10679.98
09/22/2014,10713.74
09/23/2014,10544.42
09/24/2014,10524.5
09/25/2014,10405.39
09/26/2014,10480.36
09/29/2014,10467.25
09/30/2014,10475.04
10/01/2014,10449.7
10/07/2014,10327.23
10/08/2014,10314.44
10/09/2014,10469.45
10/10/2014,10337.14
10/13/2014,10369.11
10/14/2014,10342.43
10/16/2014,10194.41
10/17/2014,10235.83
10/20/2014,10367.03
10/21/2014,10431.1
10/22/2014,10520.79
10/23/2014,10545.31
10/27/2014,10515.22
10/28/2014,10562.48
10/29/2014,10645.96
10/30/2014,10749.57
10/31/2014,10952.14
11/03/2014,10955.32
11/05/2014,10973.95
11/07/2014,10972.24
11/10/2014,10981.77
11/11/2014,11006.04
11/12/2014,11033.19
11/13/2014,11000.37
11/14/2014,11042.61
11/17/2014,11096.32
11/18/2014,11089.98
11/19/2014,11032.59
11/20/2014,11058.39
11/21/2014,11157.68
11/24/2014,11227.19
11/25/2014,11138.95
11/26/2014,11155.59
11/27/2014,11179.89
11/28/2014,11303.65
12/01/2014,11261.08
12/02/2014,11219.98
12/03/2014,11237.05
12/04/2014,11272.28
12/05/2014,11237.89
12/08/2014,11106.22
12/09/2014,10977.83
12/10/2014,10997.53
12/11/2014,10914.91
12/12/2014,10824.36
12/15/2014,10818.45
12/16/2014,10620.96
12/17/2014,10571.25
12/18/2014,10741.73
12/19/2014,10828.45
12/22/2014,10958.56
12/23/2014,10883.52
12/24/2014,10761.16
12/26/2014,10796.22
12/29/2014,10856.23
12/30/2014,10858.82
12/31/2014,10904.18
01/01/2015,10905.87
01/02/2015,11052.57
01/05/2015,11030.18
01/06/2015,10699.62
01/07/2015,10666.38
01/08/2015,10840.84
01/09/2015,10906.56
01/12/2015,10957.22
01/13/2015,10926.16
01/14/2015,10897.36
01/15/2015,11182.52
01/16/2015,11208.42
01/19/2015,11257.01
01/20/2015,11447.77
01/21/2015,11492.4
01/22/2015,11535.32
01/23/2015,11633.06
01/27/2015,11732.39
01/28/2015,11737.42
01/29/2015,11787.53
01/30/2015,11598.64
02/02/2015,11583.49
02/03/2015,11529.72
02/04/2015,11487.57
02/05/2015,11471.77
02/06/2015,11405.06
02/09/2015,11227.7
02/10/2015,11279.29
02/11/2015,11360.75
02/12/2015,11471.52
02/13/2015,11595.25
02/16/2015,11600.46
02/18/2015,11680.18
02/19/2015,11714.65
02/20/2015,11633.41
02/23/2015,11529.79
02/24/2015,11539.22
02/25/2015,11546.02
02/26/2015,11436.2
02/27/2015,11647.9
02/28/2015,11723.28
03/02/2015,11796.73
03/03/2015,11856.58
03/04/2015,11759.58
03/05/2015,11779.43
03/09/2015,11541.34
03/10/2015,11482.4
03/11/2015,11466.5
03/12/2015,11567.25
03/13/2015,11398.21
03/16/2015,11378.97
03/17/2015,11497.78
03/18/2015,11448.46
03/19/2015,11380.91
03/20/2015,11304.37
03/23/2015,11277.98
03/24/2015,11269.62
03/25/2015,11254.51
03/26/2015,11005.59
03/27/2015,11004.63
03/30/2015,11203.71
03/31/2015,11201.99
04/01/2015,11327.63
04/06/2015,11424.83
04/07/2015,11425.33
04/08/2015,11496.74
04/09/2015,11581.01
04/10/2015,11583.75
04/13/2015,11654.49
04/15/2015,11543.96
04/16/2015,11486.56
04/17/2015,11353.68
04/20/2015,11145.37
04/21/2015,11052.56
04/22/2015,11121.12
04/23/2015,11079.67
04/24/2015,10957.58
04/27/2015,10836.88
04/28/2015,10931.63
04/29/2015,10871.15
04/30/2015,10794.27
05/04/2015,10992.81
05/05/2015,10983.33
05/06/2015,10682.81
05/07/2015,10630.43
05/08/2015,10812.25
05/11/2015,10988.82
05/12/2015,10727.03
05/13/2015,10870.3
05/14/2015,10855.42
05/15/2015,10905.75
05/18/2015,11052.7
05/19/2015,11042.12
05/20/2015,11118.14
05/21/2015,11116.0
05/22/2015,11166.12
05/25/2015,11049.0
05/26/2015,11008.25
05/27/2015,11001.96
05/28/2015,10984.45
05/29/2015,11135.85
06/01/2015,11136.64
06/02/2015,10876.52
06/03/2015,10752.52
06/04/2015,10754.83
06/05/2015,10737.17
06/08/2015,10643.82
06/09/2015,10615.01
06/10/2015,10750.07
06/11/2015,10539.53
06/12/2015,10562.76
06/15/2015,10612.12
06/16/2015,10657.23
06/17/2015,10715.85
06/18/2015,10825.96
06/19/2015,10894.44
06/22/2015,11064.89
06/23/2015,11102.6
06/24/2015,11075.71
06/25/2015,11124.95
06/26/2015,11102.52
06/29/2015,11019.47
06/30/2015,11085.87
07/01/2015,11197.83
07/02/2015,11191.5
07/03/2015,11244.49
07/06/2015,11294.6
07/07/2015,11279.56
07/08/2015,11084.34
07/09/2015,11043.14
07/10/2015,11086.29
07/13/2015,11217.67
07/14/2015,11210.85
07/15/2015,11309.1
07/16/2015,11422.48
07/17/2015,11424.87
07/20/2015,11419.13
07/21/2015,11320.88
07/22/2015,11459.27
07/23/2015,11403.83
07/24/2015,11313.22
07/27/2015,11100.03
07/28/2015,11068.18
07/29/2015,11118.71
07/30/2015,11180.79
07/31/2015,11328.56
08/03/2015,11342.11
08/04/2015,11307.41
08/05/2015,11375.18
08/06/2015,11402.67
08/07/2015,11372.02
08/10/2015,11320.25
08/11/2015,11236.57
08/12/2015,11086.67
08/13/2015,11095.98
08/14/2015,11312.32
08/17/2015,11257.56
08/18/2015,11243.28
08/19/2015,11281.26
08/20/2015,11118.95
08/21/2015,11022.22
08/24/2015,10370.27
08/25/2015,10465.46
08/26/2015,10348.4
08/27/2015,10557.5
08/28/2015,10629.49
08/31/2015,10588.8
09/01/2015,10346.16
09/02/2015,10254.61
09/03/2015,10396.83
09/04/2015,10173.65
09/07/2015,10047.15
09/08/2015,10219.21
09/09/2015,10392.45
09/10/2015,10351.93
09/11/2015,10353.54
09/14/2015,10463.93
09/15/2015,10406.56
09/16/2015,10499.73
09/18/2015,10609.87
09/21/2015,10603.8
09/22/2015,10384.35
09/23/2015,10429.44
09/24/2015,10459.44
09/28/2015,10362.68
09/29/2015,10425.93
09/30/2015,10566.29
10/01/2015,10568.94
10/05/2015,10792.79
10/06/2015,10837.5
10/07/2015,10870.04
10/08/2015,10806.18
10/09/2015,10886.38
10/12/2015,10825.14
10/13/2015,10809.32
10/14/2015,10777.67
10/15/2015,10872.82
10/16/2015,10956.47
10/19/2015,11006.79
10/20/2015,10989.0
10/21/2015,10976.65
10/23/2015,11036.44
10/26/2015,10990.02
10/27/2015,10953.26
10/28/2015,10871.42
10/29/2015,10792.35
10/30/2015,10732.25
11/02/2015,10712.32
11/03/2015,10725.48
11/04/2015,10698.19
11/05/2015,10585.41
11/06/2015,10583.88
11/09/2015,10531.91
11/10/2015,10358.65
11/11/2015,10414.07
11/13/2015,10330.6
11/16/2015,10389.64
11/17/2015,10430.78
11/18/2015,10290.03
11/19/2015,10437.71
11/20/2015,10456.11
11/23/2015,10446.4
11/24/2015,10422.86
11/26/2015,10492.35
11/27/2015,10570.76
11/30/2015,10560.84
12/01/2015,10586.99
12/02/2015,10555.62
12/03/2015,10466.19
12/04/2015,10356.71
12/07/2015,10334.77
12/08/2015,10250.03
12/09/2015,10131.26
12/10/2015,10225.54
12/11/2015,10128.57
12/14/2015,10181.25
12/15/2015,10248.91
12/16/2015,10315.45
12/17/2015,10439.83
12/18/2015,10330.16
12/21/2015,10426.69
12/22/2015,10362.35
12/23/2015,10468.61
12/24/2015,10462.08
12/28/2015,10547.37
12/29/2015,10552.46
12/30/2015,10508.91
12/31/2015,10575.63
01/01/2016,10598.0
01/04/2016,10369.24
01/05/2016,10360.42
01/06/2016,10302.32
01/07/2016,10072.45
01/08/2016,10116.45
01/11/2016,10066.57
01/12/2016,9995.25
01/13/2016,10064.62
01/14/2016,10030.53
01/15/2016,9898.8
01/18/2016,9783.26
01/19/2016,9895.18
01/20/2016,9727.77
01/21/2016,9685.29
01/22/2016,9879.13
01/25/2016,9898.28
01/27/2016,9901.35
01/28/2016,9883.94
01/29/2016,10068.86
02/01/2016,10058.69
02/02/2016,9925.98
02/03/2016,9801.62
02/04/2016,9857.82
02/05/2016,9972.05
02/08/2016,9836.41
02/09/2016,9717.87
02/10/2016,9607.98
02/11/2016,9289.29
02/12/2016,9295.41
02/15/2016,9537.74
02/16/2016,9385.36
02/17/2016,9465.52
02/18/2016,9576.46
02/19/2016,9601.77
02/22/2016,9633.83
02/23/2016,9467.41
02/24/2016,9346.39
02/25/2016,9282.38
02/26/2016,9361.1
02/29/2016,9304.26
03/01/2016,9617.51
03/02/2016,9812.68
03/03/2016,9955.1
03/04/2016,9968.09
03/08/2016,9967.99
03/09/2016,10029.96
03/10/2016,9969.15
03/11/2016,10001.18
03/14/2016,10048.89
03/15/2016,9944.76
03/16/2016,9997.9
03/17/2016,10021.13
03/18/2016,10143.6
03/21/2016,10278.3
03/22/2016,10292.77
03/23/2016,10294.93
03/28/2016,10159.66
03/29/2016,10135.49
03/30/2016,10321.2
03/31/2016,10325.5
04/01/2016,10291.69
04/04/2016,10352.69
04/05/2016,10145.1
04/06/2016,10159.98
04/07/2016,10069.36
04/08/2016,10081.01
04/11/2016,10236.11
04/12/2016,10286.18
04/13/2016,10475.02
04/18/2016,10560.74
04/20/2016,10560.79
04/21/2016,10557.22
04/22/2016,10540.19
04/25/2016,10481.12
04/26/2016,10624.72
04/27/2016,10647.74
04/28/2016,10470.71
04/29/2016,10474.15
05/02/2016,10415.52
05/03/2016,10336.97
05/04/2016,10283.01
05/05/2016,10322.82
05/06/2016,10320.12
05/09/2016,10497.09
05/10/2016,10526.11
05/11/2016,10474.1
05/12/2016,10542.93
05/13/2016,10428.78
05/16/2016,10489.97
05/17/2016,10530.03
05/18/2016,10502.51
05/19/2016,10386.75
05/20/2016,10341.79
05/23/2016,10316.91
05/24/2016,10340.65
05/25/2016,10588.92
05/26/2016,10768.78
05/27/2016,10884.88
05/30/2016,10932.7
05/31/2016,10908.07
06/01/2016,10934.62
06/02/2016,10986.77
06/03/2016,10992.21
06/06/2016,10972.45
06/07/2016,11059.93
06/08/2016,11068.75
06/09/2016,10986.64
06/10/2016,10941.7
06/13/2016,10862.06
06/14/2016,10859.76
06/15/2016,10990.64
06/16/2016,10913.97
06/17/2016,10953.44
06/20/2016,11045.03
06/21/2016,11020.11
06/22/2016,11000.82
06/23/2016,11091.16
06/24/2016,10847.29
06/27/2016,10855.5
06/28/2016,10899.91
06/29/2016,11009.02
06/30/2016,11121.39
07/01/2016,11175.85
07/04/2016,11233.09
07/05/2016,11186.41
07/07/2016,11192.11
07/08/2016,11172.39
07/11/2016,11366.82
07/12/2016,11438.19
07/13/2016,11436.09
07/14/2016,11497.65
07/15/2016,11474.04
07/18/2016,11431.25
07/19/2016,11457.95
07/20/2016,11508.07
07/21/2016,11435.64
07/22/2016,11477.47
07/25/2016,11606.29
07/26/2016,11545.78
07/27/2016,11579.64
07/28/2016,11652.18
07/29/2016,11614.8
08/01/2016,11612.19
08/02/2016,11594.65
08/03/2016,11489.74
08/04/2016,11498.13
08/05/2016,11675.68
08/08/2016,11713.58
08/09/2016,11669.7
08/10/2016,11532.49
08/11/2016,11555.84
08/12/2016,11663.43
08/16/2016,11623.61
08/17/2016,11598.72
08/18/2016,11670.37
08/19/2016,11661.82
08/22/2016,11611.02
08/23/2016,11615.7
08/24/2016,11639.48
08/25/2016,11561.34
08/26/2016,11534.92
08/29/2016,11581.83
08/30/2016,11766.04
08/31/2016,11826.19
09/01/2016,11810.69
09/02/2016,11857.76
09/06/2016,12037.72
09/07/2016,12005.43
09/08/2016,12055.6
09/09/2016,11940.12
09/12/2016,11737.0
09/14/2016,11751.93
09/15/2016,11774.9
09/16/2016,11825.12
09/19/2016,11863.61
09/20/2016,11819.83
09/21/2016,11821.52
09/22/2016,11943.44
09/23/2016,11895.07
09/26/2016,11748.91
09/27/2016,11726.49
09/28/2016,11778.71
09/29/2016,11571.4
09/30/2016,11598.22
10/03/2016,11769.16
10/04/2016,11811.04
10/05/2016,11777.1
10/06/2016,11730.75
10/07/2016,11714.65
10/10/2016,11729.75
10/13/2016,11547.3
10/14/2016,11560.81
10/17/2016,11475.97
10/18/2016,11688.13
10/19/2016,11662.81
10/20/2016,11717.04
10/21/2016,11716.57
10/24/2016,11739.24
10/25/2016,11715.45
10/26/2016,11612.99
10/27/2016,11614.18
10/28/2016,11644.89
10/30/2016,11628.32
11/01/2016,11631.33
11/02/2016,11479.94
11/03/2016,11443.72
11/04/2016,11374.71
11/07/2016,11460.08
11/08/2016,11522.76
11/09/2016,11372.35
11/10/2016,11498.79
11/11/2016,11189.3
11/15/2016,10935.99
11/16/2016,10940.23
11/17/2016,10897.55
11/18/2016,10889.64
11/21/2016,10694.09
11/22/2016,10792.82
11/23/2016,10834.59
11/24/2016,10743.28
11/25/2016,10943.99
11/28/2016,10960.97
11/29/2016,10981.54
11/30/2016,11092.59
12/01/2016,11050.0
12/02/2016,10906.86
12/05/2016,10963.49
12/06/2016,10982.89
12/07/2016,10927.43
12/08/2016,11122.75
12/09/2016,11142.82
12/12/2016,11020.15
12/13/2016,11088.99
12/14/2016,11035.88
12/15/2016,10997.01
12/16/2016,10977.91
12/19/2016,10930.55
12/20/2016,10900.96
12/21/2016,10872.49
12/22/2016,10761.65
12/23/2016,10770.6
12/26/2016,10666.06
12/27/2016,10834.12
12/28/2016,10836.85
12/29/2016,10929.53
12/30/2016,11040.41
01/02/2017,11031.91
01/03/2017,11049.08
01/04/2017,11046.76
01/05/2017,11159.12
01/06/2017,11118.62
01/09/2017,11108.2
01/10/2017,11179.04
01/11/2017,11303.19
01/12/2017,11339.04
01/13/2017,11329.78
01/16/2017,11346.57
01/17/2017,11326.62
01/18/2017,11352.22
01/19/2017,11376.62
01/20/2017,11260.99
01/23/2017,11319.09
01/24/2017,11432.83
01/25/2017,11604.09
01/27/2017,11656.0
01/30/2017,11644.53
01/31/2017,11548.15
02/01/2017,11758.63
02/02/2017,11784.61
02/03/2017,11793.62
02/06/2017,11874.73
02/07/2017,11832.78
02/08/2017,11833.8
02/09/2017,11846.42
02/10/2017,11866.82
02/13/2017,11882.38
02/14/2017,11865.43
02/15/2017,11776.57
02/16/2017,11849.55
02/17/2017,11908.56
02/20/2017,11986.21
02/21/2017,12024.88
02/22/2017,12050.54
02/23/2017,12067.61
02/27/2017,12009.8
02/28/2017,11990.44
03/01/2017,12079.8
03/02/2017,12017.63
03/03/2017,12014.7
03/06/2017,12103.68
03/07/2017,12081.34
03/08/2017,12050.77
03/09/2017,12056.17
03/10/2017,12066.4
03/14/2017,12281.22
03/15/2017,12278.23
03/16/2017,12374.48
03/17/2017,12383.04
03/20/2017,12338.14
03/21/2017,12330.92
03/22/2017,12207.85
03/23/2017,12283.35
03/24/2017,12314.98
03/27/2017,12230.63
03/28/2017,12305.77
03/29/2017,12363.95
03/30/2017,12404.41
03/31/2017,12406.69
04/03/2017,12493.39
04/05/2017,12530.31
04/06/2017,12525.97
04/07/2017,12439.9
04/10/2017,12417.07
04/11/2017,12492.24
04/12/2017,12446.84
04/13/2017,12375.68
04/17/2017,12360.11
04/18/2017,12313.9
04/19/2017,12311.67
04/20/2017,12356.2
04/21/2017,12333.17
04/24/2017,12466.46
04/25/2017,12586.34
04/26/2017,12647.53
04/27/2017,12634.41
04/28/2017,12582.88
05/02/2017,12596.08
05/03/2017,12593.58
05/04/2017,12659.51
05/05/2017,12558.6
05/08/2017,12597.5
05/09/2017,12601.23
05/10/2017,12723.6
05/11/2017,12743.99
05/12/2017,12714.97
05/15/2017,12775.11
05/16/2017,12865.56
05/17/2017,12883.83
05/18/2017,12753.55
05/19/2017,12751.43
05/22/2017,12765.48
05/23/2017,12695.02
05/24/2017,12661.62
05/25/2017,12863.38
05/26/2017,12981.79
05/29/2017,12996.61
05/30/2017,13023.19
05/31/2017,13018.69
06/01/2017,13022.35
06/02/2017,13072.98
06/05/2017,13116.78
06/06/2017,13065.33
06/07/2017,13101.62
06/08/2017,13079.63
06/09/2017,13108.12
06/12/2017,13037.83
06/13/2017,13030.22
06/14/2017,13045.44
06/15/2017,12992.34
06/16/2017,13005.86
06/19/2017,13100.15
06/20/2017,13099.92
06/21/2017,13072.91
06/22/2017,13070.98
06/23/2017,12996.3
06/27/2017,12910.01
06/28/2017,12882.7
06/29/2017,12908.13
06/30/2017,12932.33
07/03/2017,13060.15
07/04/2017,13057.86
07/05/2017,13091.36
07/06/2017,13147.27
07/07/2017,13135.35
07/10/2017,13278.81
07/11/2017,13299.17
07/12/2017,13340.24
07/13/2017,13452.22
07/14/2017,13453.49
07/17/2017,13494.64
07/18/2017,13374.92
07/19/2017,13473.52
07/20/2017,13441.11
07/21/2017,13498.25
07/24/2017,13569.88
07/25/2017,13567.66
07/26/2017,13644.46
07/27/2017,13646.34
07/28/2017,13638.1
07/31/2017,13724.19
08/01/2017,13775.33
08/02/2017,13731.63
08/03/2017,13639.66
08/04/2017,13711.47
08/07/2017,13699.21
08/08/2017,13591.81
08/09/2017,13495.81
08/10/2017,13377.05
08/11/2017,13234.2
08/14/2017,13347.75
08/16/2017,13488.33
08/17/2017,13497.69
08/18/2017,13407.07
08/21/2017,13293.88
08/22/2017,13309.14
08/23/2017,13427.67
08/24/2017,13437.45
08/28/2017,13513.48
08/29/2017,13354.29
08/30/2017,13474.73
08/31/2017,13521.03
09/01/2017,13598.09
09/04/2017,13514.16
09/05/2017,13568.38
09/06/2017,13519.3
09/07/2017,13539.91
09/08/2017,13546.57
09/11/2017,13646.37
09/12/2017,13765.03
09/13/2017,13746.3
09/14/2017,13756.28
09/15/2017,13754.62
09/18/2017,13848.34
09/19/2017,13840.78
09/20/2017,13832.04
09/21/2017,13806.6
09/22/2017,13591.79
09/25/2017,13466.53
09/26/2017,13465.07
09/27/2017,13279.85
09/28/2017,13325.16
09/29/2017,13351.99
10/03/2017,13448.66
10/04/2017,13524.27
10/05/2017,13488.48
10/06/2017,13612.63
10/09/2017,13625.0
10/10/2017,13663.44
10/11/2017,13619.62
10/12/2017,13771.84
10/13/2017,13868.7
10/16/2017,13955.22
10/17/2017,13960.09
10/18/2017,13927.92
10/19/2017,13840.24
10/23/2017,13892.48
10/24/2017,13923.61
10/25/2017,14044.44
10/26/2017,14110.5
10/27/2017,14082.21
10/30/2017,14137.62
10/31/2017,14108.55
11/01/2017,14255.58
11/02/2017,14232.79
11/03/2017,14274.97
11/06/2017,14274.03
11/07/2017,14135.23
11/08/2017,14071.02
11/09/2017,14078.98
11/10/2017,14096.45
11/13/2017,13964.26
11/14/2017,13911.87
11/15/2017,13818.25
11/16/2017,13950.33
11/17/2017,14044.32
11/20/2017,14065.05
11/21/2017,14103.64
11/22/2017,14124.68
11/23/2017,14133.47
11/24/2017,14189.41
11/27/2017,14202.82
11/28/2017,14162.79
11/29/2017,14150.6
11/30/2017,13966.58
12/01/2017,13823.52
12/04/2017,13831.66
12/05/2017,13818.67
12/06/2017,13717.36
12/07/2017,13884.82
12/08/2017,14019.95
12/11/2017,14097.29
12/12/2017,13985.11
12/13/2017,13920.69
12/14/2017,14001.49
12/15/2017,14112.3
12/18/2017,14188.11
12/19/2017,14289.76
12/20/2017,14263.81
12/21/2017,14258.49
12/22/2017,14330.49
12/26/2017,14383.04
12/27/2017,14327.42
12/28/2017,14309.85
12/29/2017,14381.92
01/01/2018,14252.02
01/02/2018,14261.1
01/03/2018,14262.48
01/04/2018,14346.59
01/05/2018,14420.42
01/08/2018,14508.81
01/09/2018,14527.15
01/10/2018,14520.56
01/11/2018,14546.49
01/12/2018,14587.54
01/15/2018,14669.9
01/16/2018,14613.79
01/17/2018,14734.07
01/18/2018,14774.67
01/19/2018,14880.8
01/22/2018,14979.72
01/23/2018,15140.24
01/24/2018,15143.35
01/25/2018,15121.0
01/29/2018,15204.42
01/30/2018,15095.42
01/31/2018,15065.82
02/01/2018,15052.72
02/02/2018,14702.49
02/05/2018,14574.0
02/06/2018,14344.02
02/07/2018,14317.57
02/08/2018,14463.16
02/09/2018,14296.5
02/12/2018,14412.46
02/14/2018,14359.35
02/15/2018,14422.85
02/16/2018,14295.41
02/19/2018,14194.28
02/20/2018,14169.77
02/21/2018,14220.48
02/22/2018,14204.17
02/23/2018,14352.4
02/26/2018,14477.62
02/27/2018,14438.9
02/28/2018,14358.71
03/01/2018,14311.52
03/05/2018,14175.32
03/06/2018,14025.34
03/07/2018,13895.27
03/08/2018,14016.3
03/09/2018,13994.68
03/12/2018,14260.92
03/13/2018,14270.64
03/14/2018,14248.81
03/15/2018,14179.36
03/16/2018,13961.14
03/19/2018,13822.99
03/20/2018,13878.17
03/21/2018,13920.51
03/22/2018,13867.01
03/23/2018,13706.99
03/26/2018,13888.82
03/27/2018,13962.15
03/28/2018,13865.57
04/02/2018,14000.07
04/03/2018,14045.55
04/04/2018,13885.72
04/05/2018,14155.47
04/06/2018,14164.28
04/09/2018,14229.77
04/10/2018,14261.15
04/11/2018,14281.6
04/12/2018,14338.46
04/13/2018,14368.56
04/16/2018,14434.05
04/17/2018,14461.97
04/18/2018,14431.07
04/19/2018,14484.7
04/20/2018,14482.97
04/23/2018,14511.28
04/24/2018,14551.96
04/25/2018,14491.88
04/26/2018,14556.65
04/27/2018,14658.83
04/30/2018,14723.32
05/02/2018,14695.26
05/03/2018,14642.62
05/04/2018,14558.42
05/07/2018,14691.72
05/08/2018,14694.93
05/09/2018,14728.03
05/10/2018,14693.55
05/11/2018,14816.93
05/14/2018,14817.01
05/15/2018,14810.54
05/16/2018,14727.26
05/17/2018,14647.15
05/18/2018,14528.82
05/21/2018,14419.57
05/22/2018,14446.97
05/23/2018,14301.15
05/24/2018,14415.65
05/25/2018,14556.18
05/28/2018,14670.76
05/29/2018,14594.78
05/30/2018,14568.75
05/31/2018,14750.26
06/01/2018,14695.4
06/04/2018,14604.11
06/05/2018,14555.52
06/06/2018,14681.25
06/07/2018,14796.24
06/08/2018,14795.31
06/11/2018,14821.8
06/12/2018,14898.66
06/13/2018,14917.68
06/14/2018,14871.97
06/15/2018,14885.3
06/18/2018,14860.73
06/19/2018,14737.7
06/20/2018,14822.46
06/21/2018,14782.87
06/22/2018,14894.02
06/25/2018,14812.28
06/26/2018,14821.45
06/27/2018,14694.16
06/28/2018,14581.53
06/29/2018,14753.91
07/02/2018,14675.42
07/03/2018,14734.11
07/04/2018,14830.5
07/05/2018,14808.54
07/06/2018,14840.13
07/09/2018,14951.2
07/10/2018,15081.6
07/11/2018,15085.15
07/12/2018,15190.82
07/13/2018,15184.88
07/16/2018,15072.66
07/17/2018,15172.31
07/18/2018,15135.57
07/19/2018,15116.83
07/20/2018,15190.13
07/23/2018,15293.5
07/24/2018,15361.88
07/25/2018,15358.72
07/26/2018,15410.93
07/27/2018,15564.19
07/30/2018,15621.47
07/31/2018,15672.47
08/01/2018,15658.27
08/02/2018,15520.25
08/03/2018,15680.51
08/06/2018,15716.78
08/07/2018,15720.05
08/08/2018,15803.64
08/09/2018,15833.23
08/10/2018,15776.32
08/13/2018,15676.23
08/14/2018,15796.36
08/16/2018,15727.25
08/17/2018,15845.64
08/20/2018,15959.04
08/21/2018,15985.48
08/23/2018,16001.85
08/24/2018,15969.8
08/27/2018,16156.09
08/28/2018,16220.45
08/29/2018,16156.02
08/30/2018,16135.61
08/31/2018,16143.51
09/03/2018,16007.84
09/04/2018,15922.09
09/05/2018,15862.15
09/06/2018,15947.67
09/07/2018,16019.84
09/10/2018,15813.26
09/11/2018,15605.11
09/12/2018,15719.62
09/14/2018,15920.48
09/17/2018,15731.26
09/18/2018,15594.57
09/19/2018,15534.28
09/21/2018,15408.16
09/24/2018,15165.18
09/25/2018,15303.55
09/26/2018,15284.67
09/27/2018,15179.24
09/28/2018,15114.08
10/01/2018,15221.75
10/03/2018,15014.23
10/04/2018,14656.09
10/05/2018,14265.08
10/08/2018,14308.79
10/09/2018,14243.79
10/10/2018,14463.71
10/11/2018,14152.0
10/12/2018,14480.86
10/15/2018,14536.17
10/16/2018,14636.1
10/17/2018,14453.94
10/19/2018,14247.22
10/22/2018,14166.64
10/23/2018,14031.96
10/24/2018,14139.75
10/25/2018,14014.33
10/26/2018,13882.95
10/29/2018,14189.11
10/30/2018,14116.91
10/31/2018,14377.38
11/01/2018,14371.1
11/02/2018,14609.96
11/05/2018,14570.98
11/06/2018,14579.28
11/07/2018,14673.98
11/09/2018,14655.69
11/12/2018,14513.12
11/13/2018,14651.98
11/14/2018,14643.42
11/15/2018,14699.33
11/16/2018,14790.05
11/19/2018,14902.44
11/20/2018,14754.03
11/21/2018,14676.29
11/22/2018,14574.82
11/26/2018,14715.81
11/27/2018,14794.7
11/28/2018,14854.61
11/29/2018,15034.36
11/30/2018,15059.37
12/03/2018,15069.07
12/04/2018,15049.32
12/05/2018,14929.43
12/06/2018,14677.79
12/07/2018,14805.93
12/10/2018,14521.73
12/11/2018,14605.79
12/12/2018,14866.71
12/13/2018,14941.4
12/14/2018,14960.64
12/17/2018,15075.46
12/18/2018,15103.63
12/19/2018,15184.78
12/20/2018,15163.14
12/21/2018,14894.42
12/24/2018,14769.13
12/26/2018,14860.97
12/27/2018,14930.18
12/28/2018,15045.34
12/31/2018,15048.98
01/01/2019,15114.9
01/02/2019,14951.96
01/03/2019,14785.38
01/04/2019,14861.69
01/07/2019,14923.27
01/08/2019,14965.34
01/09/2019,15038.74
01/10/2019,14992.23
01/11/2019,14955.33
01/14/2019,14875.92
01/15/2019,15082.59
01/16/2019,15087.41
01/17/2019,15109.54
01/18/2019,15111.95
01/21/2019,15188.0
01/22/2019,15133.83
01/23/2019,15007.4
01/24/2019,15038.07
01/25/2019,14942.09
01/28/2019,14777.11
01/29/2019,14764.59
01/30/2019,14764.02
01/31/2019,15012.34
02/01/2019,15099.21
02/04/2019,15125.02
02/05/2019,15155.99
02/06/2019,15337.8
02/07/2019,15347.41
02/08/2019,15173.02
02/11/2019,15100.61
02/12/2019,15023.02
02/13/2019,14970.62
02/14/2019,14906.26
02/15/2019,14876.27
02/18/2019,14760.48
02/19/2019,14709.75
02/20/2019,14891.6
02/21/2019,14970.12
02/22/2019,14972.58
02/25/2019,15095.33
02/26/2019,15033.15
02/27/2019,14993.45
02/28/2019,14979.39
03/01/2019,15077.91
03/05/2019,15249.97
03/06/2019,15340.93
03/07/2019,15348.14
03/08/2019,15316.51
03/11/2019,15500.61
03/12/2019,15685.41
03/13/2019,15742.86
03/14/2019,15749.67
03/15/2019,15867.74
03/18/2019,15916.8
03/19/2019,16014.33
03/20/2019,15998.51
03/22/2019,15912.88
03/25/2019,15770.26
03/26/2019,15949.46
03/27/2019,15897.65
03/28/2019,16071.26
03/29/2019,16146.11
04/01/2019,16208.94
04/02/2019,16270.13
04/03/2019,16173.92
04/04/2019,16110.09
04/05/2019,16204.48
04/08/2019,16119.14
04/09/2019,16212.81
04/10/2019,16091.08
04/11/2019,16108.32
04/12/2019,16173.27
04/15/2019,16238.41
04/16/2019,16372.86
04/18/2019,16325.13
04/22/2019,16105.19
04/23/2019,16079.51
04/24/2019,16288.16
04/25/2019,16170.98
04/26/2019,16327.7
04/30/2019,16318.66
05/02/2019,16286.18
05/03/2019,16268.79
05/06/2019,16110.44
05/07/2019,15974.41
05/08/2019,15782.09
05/09/2019,15701.95
05/10/2019,15670.18
05/13/2019,15488.6
05/14/2019,15591.19
05/15/2019,15500.82
05/16/2019,15640.22
05/17/2019,15848.71
05/20/2019,16433.77
05/21/2019,16268.26
05/22/2019,16325.28
05/23/2019,16212.78
05/24/2019,16472.95
05/27/2019,16585.13
05/28/2019,16591.7
05/29/2019,16497.62
05/30/2019,16615.59
05/31/2019,16583.46
06/03/2019,16815.25
06/04/2019,16728.74
06/06/2019,16481.14
06/07/2019,16518.62
06/10/2019,16590.99
06/11/2019,16650.75
06/12/2019,16568.09
06/13/2019,16593.97
06/14/2019,16467.55
06/17/2019,16257.06
06/18/2019,16283.98
06/19/2019,16283.94
06/20/2019,16493.65
06/21/2019,16343.59
06/24/2019,16309.52
06/25/2019,16444.46
06/26/2019,16515.68
06/27/2019,16507.34
06/28/2019,16433.85
07/01/2019,16540.88
07/02/2019,16603.17
07/03/2019,16612.16
07/04/2019,16658.04
07/05/2019,16468.99
07/08/2019,16118.27
07/09/2019,16114.46
07/10/2019,16035.44
07/11/2019,16155.78
07/12/2019,16113.75
07/15/2019,16165.28
07/16/2019,16272.08
07/17/2019,16306.82
07/18/2019,16183.16
07/19/2019,15945.55
07/22/2019,15845.74
07/23/2019,15824.55
07/24/2019,15749.37
07/25/2019,15725.6
07/26/2019,15770.63
07/29/2019,15638.42
07/30/2019,15493.33
07/31/2019,15539.43
08/01/2019,15350.83
08/02/2019,15382.73
08/05/2019,15194.27
08/06/2019,15314.03
08/07/2019,15184.34
08/08/2019,15434.73
08/09/2019,15542.72
08/13/2019,15289.35
08/14/2019,15438.86
08/16/2019,15464.58
08/19/2019,15476.07
08/20/2019,15425.45
08/21/2019,15290.85
08/22/2019,15045.62
08/23/2019,15168.88
08/26/2019,15488.96
08/27/2019,15555.44
08/28/2019,15472.44
08/29/2019,15335.45
08/30/2019,15440.47
09/03/2019,15124.8
09/04/2019,15190.3
09/05/2019,15194.86
09/06/2019,15332.57
09/09/2019,15412.14
09/11/2019,15457.9
09/12/2019,15383.82
09/13/2019,15514.2
09/16/2019,15412.83
09/17/2019,15152.39
09/18/2019,15184.69
09/19/2019,14994.39
09/20/2019,15791.99
09/23/2019,16248.62
09/24/2019,16231.83
09/25/2019,16024.49
09/26/2019,16207.96
09/27/2019,16125.65
09/30/2019,16072.5
10/01/2019,15912.03
10/03/2019,15847.7
10/04/2019,15652.7
10/07/2019,15584.94
10/09/2019,15846.77
10/10/2019,15736.44
10/11/2019,15835.17
10/14/2019,15885.74
10/15/2019,16007.83
10/16/2019,16057.85
10/17/2019,16245.31
10/18/2019,16351.16
10/22/2019,16248.11
10/23/2019,16282.84
10/24/2019,16252.63
10/25/2019,16254.45
10/27/2019,16315.17
10/29/2019,16539.23
10/30/2019,16620.07
10/31/2019,16667.29
11/01/2019,16685.73
11/04/2019,16756.87
11/05/2019,16723.06
11/06/2019,16791.61
11/07/2019,16856.17
11/08/2019,16710.37
11/11/2019,16717.75
11/13/2019,16615.37
11/14/2019,16659.78
11/15/2019,16692.52
11/18/2019,16677.14
11/19/2019,16755.15
11/20/2019,16837.96
11/21/2019,16794.86
11/22/2019,16719.11
11/25/2019,16942.7
11/26/2019,16892.15
11/27/2019,16980.54
11/28/2019,17051.31
11/29/2019,16917.89
12/02/2019,16906.88
12/03/2019,16831.11
12/04/2019,16899.88
12/05/2019,16865.04
12/06/2019,16729.08
12/09/2019,16751.53
12/10/2019,16638.94
12/11/2019,16713.79
12/12/2019,16800.36
12/13/2019,16961.56
12/16/2019,16915.65
12/17/2019,17071.49
12/18/2019,17150.93
12/19/2019,17205.12
12/20/2019,17222.14
12/23/2019,17209.4
12/24/2019,17141.8
12/26/2019,17018.26
12/27/2019,17185.66
12/30/2019,17199.73
12/31/2019,17077.06
01/01/2020,17096.83
01/02/2020,17236.7
01/03/2020,17158.75
01/06/2020,16830.93
01/07/2020,16915.03
01/08/2020,16876.24
01/09/2020,17143.65
01/10/2020,17201.08
01/13/2020,17303.2
01/14/2020,17349.12
01/15/2020,17322.5
01/16/2020,17339.57
01/17/2020,17335.2
01/20/2020,17155.83
01/21/2020,17079.07
01/22/2020,16990.68
01/23/2020,17095.61
01/24/2020,17192.15
01/27/2020,17010.7
01/28/2020,16922.01
01/29/2020,17025.46
01/30/2020,16893.91
01/31/2020,16790.45
02/01/2020,16369.0
02/03/2020,16433.65
02/04/2020,16815.12
02/05/2020,16968.83
02/06/2020,17037.28
02/07/2020,16981.75
02/10/2020,16887.86
02/11/2020,16995.1
02/12/2020,17126.07
02/13/2020,17088.84
02/14/2020,17002.89
02/17/2020,16911.92
02/18/2020,16837.08
02/19/2020,17024.41
02/20/2020,16961.16
02/24/2020,16608.12
02/25/2020,16563.91
02/26/2020,16396.23
02/27/2020,16332.81
02/28/2020,15726.92
03/02/2020,15632.14
03/03/2020,15878.98
03/04/2020,15805.53
03/05/2020,15833.21
03/06/2020,15440.48
03/09/2020,14684.56
03/11/2020,14694.31
03/12/2020,13474.38
03/13/2020,13987.31
03/16/2020,12928.18
03/17/2020,12604.41
03/18/2020,11904.02
03/19/2020,11620.92
03/20/2020,12298.74
03/23/2020,10710.41
03/24/2020,10983.15
03/25/2020,11710.71
03/26/2020,12167.15
03/27/2020,12193.62
03/30/2020,11659.76
03/31/2020,12105.66
04/01/2020,11621.35
04/03/2020,11382.02
04/07/2020,12379.42
04/08/2020,12318.25
04/09/2020,12829.57
04/13/2020,12663.31
04/15/2020,12566.85
04/16/2020,12661.83
04/17/2020,13047.57
04/20/2020,13040.65
04/21/2020,12645.91
04/22/2020,12935.73
04/23/2020,13113.97
04/24/2020,12889.39
04/27/2020,13069.49
04/28/2020,13208.29
04/29/2020,13452.51
04/30/2020,13884.18
05/04/2020,13086.63
05/05/2020,12963.99
05/06/2020,13055.99
05/07/2020,12954.81
05/08/2020,13028.62
05/11/2020,13011.35
05/12/2020,12951.29
05/13/2020,13214.58
05/14/2020,12875.51
05/15/2020,12867.16
05/18/2020,12425.57
05/19/2020,12504.22
05/20/2020,12768.2
05/21/2020,12824.12
05/22/2020,12729.74
05/26/2020,12715.39
05/27/2020,13117.99
05/28/2020,13364.65
05/29/2020,13503.45
06/01/2020,13850.0
06/02/2020,14065.56
06/03/2020,14183.95
06/04/2020,14138.19
06/05/2020,14297.55
06/08/2020,14333.2
06/09/2020,14162.9
06/10/2020,14260.91
06/11/2020,13959.73
06/12/2020,14059.69
06/15/2020,13835.27
06/16/2020,13976.63
06/17/2020,13930.35
06/18/2020,14227.14
06/19/2020,14445.87
06/22/2020,14540.07
06/23/2020,14765.36
06/24/2020,14531.72
06/25/2020,14508.61
06/26/2020,14641.26
06/29/2020,14541.76
06/30/2020,14527.18
07/01/2020,14707.64
07/02/2020,14886.06
07/03/2020,14964.59
07/06/2020,15185.78
07/07/2020,15236.58
07/08/2020,15104.09
07/09/2020,15268.19
07/10/2020,15204.13
07/13/2020,15254.09
07/14/2020,14978.23
07/15/2020,14993.52
07/16/2020,15167.99
07/17/2020,15396.44
07/20/2020,15566.56
07/21/2020,15764.41
07/22/2020,15722.51
07/23/2020,15841.48
07/24/2020,15811.4
07/27/2020,15723.39
07/28/2020,15961.7
07/29/2020,15824.19
07/30/2020,15685.92
07/31/2020,15645.34
08/03/2020,15388.98
08/04/2020,15676.74
08/05/2020,15689.69
08/06/2020,15833.02
08/07/2020,15852.65
08/10/2020,15931.97
08/11/2020,16005.99
08/12/2020,15986.03
08/13/2020,15981.73
08/14/2020,15809.17
08/17/2020,15906.29
08/18/2020,16101.86
08/19/2020,16135.89
08/20/2020,15999.86
08/21/2020,16083.84
08/24/2020,16218.02
08/25/2020,16226.2
08/26/2020,16339.41
08/27/2020,16353.08
08/28/2020,16478.01
08/31/2020,16110.07
09/01/2020,16227.14
09/02/2020,16322.17
09/03/2020,16311.99
09/04/2020,16038.07
09/07/2020,16068.06
09/08/2020,16014.67
09/09/2020,15958.99
09/10/2020,16201.44
09/11/2020,16222.92
09/14/2020,16189.14
09/15/2020,16304.84
09/16/2020,16421.95
09/17/2020,16296.78
09/18/2020,16281.0
09/21/2020,15920.99
09/22/2020,15783.87
09/23/2020,15752.97
09/24/2020,15291.25
09/25/2020,15637.53
09/28/2020,15888.44
09/29/2020,15881.16
09/30/2020,15916.72
10/01/2020,16156.44
10/05/2020,16278.72
10/06/2020,16503.77
10/07/2020,16611.96
10/08/2020,16747.48
10/09/2020,16860.11
10/12/2020,16883.84
10/13/2020,16888.87
10/14/2020,16944.73
10/15/2020,16533.24
10/16/2020,16649.46
10/19/2020,16805.97
10/20/2020,16839.6
10/21/2020,16897.43
10/22/2020,16840.52
10/23/2020,16902.96
10/26/2020,16672.62
10/27/2020,16844.96
10/28/2020,16623.13
10/29/2020,16544.45
10/30/2020,16504.16
11/02/2020,16542.08
11/03/2020,16746.75
11/04/2020,16888.65
11/05/2020,17189.03
11/06/2020,17392.14
11/09/2020,17672.25
11/10/2020,17913.4
11/11/2020,18080.84
11/12/2020,17998.11
11/13/2020,18039.44
11/14/2020,18124.93
11/17/2020,18258.23
11/18/2020,18349.02
11/19/2020,18112.83
11/20/2020,18236.68
11/23/2020,18332.33
11/24/2020,18514.82
11/25/2020,18235.76
11/26/2020,18418.16
11/27/2020,18392.54
12/01/2020,18591.25
12/02/2020,18597.9
12/03/2020,18626.53
12/04/2020,18803.27
12/07/2020,18941.15
12/08/2020,18993.86
12/09/2020,19186.95
12/10/2020,19114.96
12/11/2020,19165.33
12/14/2020,19228.16
12/15/2020,19241.9
12/16/2020,19404.8
12/17/2020,19491.3
12/18/2020,19519.42
12/21/2020,18906.45
12/22/2020,19102.06
12/23/2020,19293.26
12/24/2020,19503.4
12/28/2020,19679.24
12/29/2020,19763.51
12/30/2020,19833.53
12/31/2020,19833.19
01/01/2021,19885.36
01/04/2021,20047.61
01/05/2021,20142.13
01/06/2021,20066.56
01/07/2021,20053.97
01/08/2021,20351.67
01/11/2021,20546.74
01/12/2021,20658.34
01/13/2021,20660.35
01/14/2021,20706.07
01/15/2021,20476.38
01/18/2021,20260.18
01/19/2021,20600.41
01/20/2021,20775.67
01/21/2021,20700.02
01/22/2021,20390.57
01/25/2021,20201.9
01/27/2021,19818.34
01/28/2021,19605.59
01/29/2021,19346.03
02/01/2021,20263.44
02/02/2021,20783.69
02/03/2021,20985.32
02/04/2021,21135.31
02/05/2021,21175.89
02/08/2021,21447.64
02/09/2021,21440.42
02/10/2021,21436.44
02/11/2021,21536.0
02/12/2021,21521.82
02/15/2021,21739.69
02/16/2021,21737.9
02/17/2021,21595.82
02/18/2021,21468.11
02/19/2021,21273.28
02/22/2021,20853.12
02/23/2021,20898.75
02/24/2021,21288.35
02/25/2021,21452.24
02/26/2021,20644.88
03/01/2021,20975.08
03/02/2021,21198.93
03/03/2021,21662.92
03/04/2021,21428.63
03/05/2021,21225.94
03/08/2021,21255.06
03/09/2021,21457.17
03/10/2021,21565.72
03/12/2021,21361.29
03/15/2021,21220.59
03/16/2021,21193.46
03/17/2021,20924.61
03/18/2021,20692.34
03/19/2021,20956.87
03/22/2021,20947.65
03/23/2021,21061.52
03/24/2021,20684.27
03/25/2021,20366.42
03/26/2021,20625.79
03/30/2021,21106.06
03/31/2021,20886.52
04/01/2021,21137.69
04/05/2021,20811.61
04/06/2021,20876.57
04/07/2021,21069.32
04/08/2021,21149.59
04/09/2021,21094.17
04/12/2021,20348.99
04/13/2021,20624.86
04/15/2021,20733.88
04/16/2021,20785.61
04/19/2021,20418.16
04/20/2021,20328.55
04/22/2021,20484.63
04/23/2021,20392.44
04/26/2021,20596.72
04/27/2021,20835.67
04/28/2021,21136.41
04/29/2021,21186.3
04/30/2021,20811.13
05/03/2021,20815.43
05/04/2021,20619.62
05/05/2021,20792.24
05/06/2021,20944.41
05/07/2021,21084.26
05/10/2021,21253.8
05/11/2021,21123.53
05/12/2021,20904.13
05/14/2021,20877.56
05/17/2021,21226.53
05/18/2021,21489.56
05/19/2021,21378.71
05/20/2021,21202.21
05/21/2021,21585.18
05/24/2021,21617.03
05/25/2021,21639.04
05/26/2021,21771.35
05/27/2021,21823.14
05/28/2021,21962.31
05/31/2021,22203.59
06/01/2021,22192.25
06/02/2021,22194.18
06/03/2021,22361.86
06/04/2021,22333.23
06/07/2021,22449.24
06/08/2021,22432.77
06/09/2021,22283.52
06/10/2021,22448.94
06/11/2021,22544.26
06/14/2021,22567.11
06/15/2021,22649.05
06/16/2021,22503.9
06/17/2021,22401.65
06/18/2021,22390.11
06/21/2021,22480.3
06/22/2021,22517.74
06/23/2021,22395.25
06/24/2021,22544.26
06/25/2021,22644.06
06/28/2021,22578.86
06/29/2021,22493.6
06/30/2021,22455.7
07/01/2021,22396.4
07/02/2021,22456.66
07/05/2021,22618.97
07/06/2021,22595.93
07/07/2021,22683.66
07/08/2021,22473.81
07/09/2021,22420.36
07/12/2021,22424.39
07/13/2021,22595.49
07/14/2021,22656.78
07/15/2021,22762.34
07/16/2021,22761.2
07/19/2021,22516.71
07/20/2021,22344.81
07/22/2021,22621.45
07/23/2021,22673.35
07/26/2021,22628.19
07/27/2021,22518.8
07/28/2021,22472.95
07/29/2021,22576.34
07/30/2021,22554.26
08/02/2021,22730.42
08/03/2021,23081.86
08/04/2021,23265.07
08/05/2021,23319.53
08/06/2021,23238.83
08/09/2021,23269.12
08/10/2021,23300.36
08/11/2021,23303.89
08/12/2021,23424.04
08/13/2021,23659.78
08/16/2021,23708.38
08/17/2021,23784.05
08/18/2021,23718.57
08/20/2021,23549.09
08/23/2021,23615.61
08/24/2021,23799.1
08/25/2021,23813.43
08/26/2021,23816.68
08/27/2021,23914.48
08/30/2021,24237.8
08/31/2021,24525.71
09/01/2021,24445.62
09/02/2021,24674.11
09/03/2021,24802.17
09/06/2021,24879.79
09/07/2021,24857.27
09/08/2021,24855.5
09/09/2021,24878.09
09/13/2021,24858.12
09/14/2021,24893.51
09/15/2021,25093.22
09/16/2021,25250.87
09/17/2021,25187.34
09/20/2021,24917.72
09/21/2021,25154.16
09/22/2021,25132.15
09/23/2021,25527.92
09/24/2021,25571.24
09/27/2021,25573.99
09/28/2021,25421.46
09/29/2021,25367.99
09/30/2021,25234.57
10/01/2021,25111.25
10/04/2021,25339.32
10/05/2021,25526.98
10/06/2021,25274.48
10/07/2021,25481.26
10/08/2021,25631.38
10/11/2021,25704.1
10/12/2021,25770.01
10/13/2021,26013.19
10/14/2021,26268.83
10/18/2021,26467.21
10/19/2021,26383.71
10/20/2021,26165.78
10/21/2021,26042.59
10/22/2021,25952.01
10/25/2021,25967.04
10/26/2021,26196.05
10/27/2021,26113.62
10/28/2021,25606.99
10/29/2021,25340.83
11/01/2021,25710.8
11/02/2021,25655.51
11/03/2021,25569.86
11/04/2021,25695.5
11/08/2021,25913.09
11/09/2021,25878.28
11/10/2021,25839.47
11/11/2021,25639.32
11/12/2021,25968.02
11/15/2021,25977.61
11/16/2021,25819.49
11/17/2021,25675.2
11/18/2021,25483.23
11/22/2021,24990.27
11/23/2021,25114.82
11/24/2021,24988.18
11/25/2021,25162.07
11/26/2021,24430.53
11/29/2021,24469.99
11/30/2021,24368.53
12/01/2021,24632.06
12/02/2021,24968.91
12/03/2021,24674.83
12/06/2021,24266.71
12/07/2021,24646.18
12/08/2021,25066.62
12/09/2021,25134.23
12/10/2021,25126.24
12/13/2021,24921.02
12/14/2021,24858.79
12/15/2021,24710.3
12/16/2021,24749.01
12/17/2021,24371.37
12/20/2021,23839.01
12/21/2021,24063.78
12/22/2021,24336.62
12/23/2021,24504.75
12/24/2021,24405.96
12/27/2021,24524.36
12/28/2021,24735.32
12/29/2021,24707.1
12/30/2021,24693.25
12/31/2021,24908.71
01/03/2022,25298.63
01/04/2022,25556.34
01/05/2022,25728.58
01/06/2022,25471.18
01/07/2022,25567.06
01/10/2022,25840.62
01/11/2022,25915.89
01/12/2022,26140.68
01/13/2022,26205.87
01/14/2022,26202.97
01/17/2022,26278.07
01/18/2022,25998.14
01/19/2022,25749.81
01/20/2022,25492.99
01/21/2022,25292.72
01/24/2022,24620.72
01/25/2022,24805.75
01/27/2022,24564.81
01/28/2022,24553.04
01/31/2022,24894.62
02/01/2022,25234.89
02/02/2022,25526.55
02/03/2022,25217.2
02/04/2022,25154.14
02/07/2022,24719.45
02/08/2022,24795.76
02/09/2022,25084.6
02/10/2022,25290.42
02/11/2022,24958.45
02/14/2022,24209.38
02/15/2022,24941.93
02/16/2022,24904.67
02/17/2022,24879.32
02/18/2022,24838.68
02/21/2022,24746.59
02/22/2022,24582.05
02/23/2022,24540.41
02/24/2022,23367.85
02/25/2022,23958.1
02/28/2022,24153.01
03/02/2022,23882.72
03/03/2022,23727.54
03/04/2022,23364.07
03/07/2022,22814.41
03/08/2022,23030.56
03/09/2022,23507.87
03/10/2022,23866.77
03/11/2022,23917.96
03/14/2022,24264.29
03/15/2022,23964.72
03/16/2022,24414.0
03/17/2022,24862.27
03/21/2022,24618.52
03/22/2022,24903.14
03/23/2022,24802.74
03/24/2022,24769.75
03/25/2022,24669.45
03/28/2022,24768.69
03/29/2022,24917.57
03/30/2022,25166.31
03/31/2022,25118.14
04/01/2022,25413.94
04/04/2022,25964.72
04/05/2022,25829.11
04/06/2022,25613.71
04/07/2022,25371.88
04/08/2022,25580.15
04/11/2022,25422.81
04/12/2022,25214.76
04/13/2022,25136.13
04/18/2022,24701.75
04/19/2022,24392.54
04/20/2022,24648.4
04/21/2022,25017.73
04/22/2022,24700.36
04/25/2022,24386.78
04/26/2022,24741.88
04/27/2022,24508.3
04/28/2022,24811.78
04/29/2022,24606.78
05/02/2022,24558.61
05/04/2022,23995.35
05/05/2022,24002.58
05/06/2022,23612.16
05/09/2022,23454.71
05/10/2022,23365.81
05/11/2022,23260.85
05/12/2022,22766.52
05/13/2022,22729.28
05/16/2022,22815.88
05/17/2022,23416.46
05/18/2022,23389.07
05/19/2022,22768.49
05/20/2022,23426.36
05/23/2022,23352.22
05/24/2022,23223.25
05/25/2022,23096.63
05/26/2022,23322.66
05/27/2022,23585.61
05/30/2022,24031.25
05/31/2022,23958.1
06/01/2022,23868.85
06/02/2022,24020.89
06/03/2022,23957.71
06/06/2022,23936.44
06/07/2022,23715.1
06/08/2022,23628.32
06/09/2022,23807.84
06/10/2022,23408.59
06/13/2022,22791.12
06/14/2022,22729.97
06/15/2022,22691.46
06/16/2022,22211.98
06/17/2022,22114.97
06/20/2022,22199.11
06/21/2022,22616.52
06/22/2022,22290.46
06/23/2022,22497.71
06/24/2022,22703.95
06/27/2022,22896.02
06/28/2022,22922.24
06/29/2022,22848.35
06/30/2022,22828.93
07/01/2022,22788.18
07/04/2022,22914.2
07/05/2022,22878.72
07/06/2022,23137.7
07/07/2022,23345.61
07/08/2022,23473.61
07/11/2022,23468.14
07/12/2022,23239.9
07/13/2022,23107.47
07/14/2022,23074.52
07/15/2022,23234.52
07/18/2022,23566.52
07/19/2022,23659.85
07/20/2022,23920.88
07/21/2022,24058.17
07/22/2022,24223.56
07/25/2022,24095.46
07/26/2022,23882.26
07/27/2022,24114.41
07/28/2022,24531.38
07/29/2022,24862.7
08/01/2022,25128.57
08/02/2022,25137.82
08/03/2022,25202.38
08/04/2022,25193.41
08/05/2022,25215.93
08/08/2022,25413.25
08/10/2022,25431.92
08/11/2022,25621.06
08/12/2022,25678.83
08/16/2022,25863.24
08/17/2022,26035.87
08/18/2022,26067.35
08/19/2022,25785.4
08/22/2022,25396.57
08/23/2022,25522.62
08/24/2022,25562.51
08/25/2022,25442.67
08/26/2022,25495.64
08/29/2022,25138.4
08/30/2022,25786.59
09/01/2022,25472.24
09/02/2022,25467.41
09/05/2022,25650.83
09/06/2022,25636.01
09/07/2022,25590.73
09/08/2022,25843.86
09/09/2022,25894.12
09/12/2022,26043.69
09/13/2022,26237.81
09/14/2022,26141.52
09/15/2022,25958.06
09/16/2022,25454.93
09/19/2022,25587.63
09/20/2022,25869.27
09/21/2022,25727.13
09/22/2022,25598.6
09/23/2022,25159.42
09/26/2022,24707.77
09/27/2022,24694.83
09/28/2022,24478.82
09/29/2022,24419.98
09/30/2022,24821.08
10/03/2022,24520.52
10/04/2022,25082.39
10/06/2022,25165.85
10/07/2022,25140.99
10/10/2022,25034.02
10/11/2022,24660.2
10/12/2022,24863.58
10/13/2022,24704.95
10/14/2022,24953.75
10/17/2022,25139.55
10/18/2022,25393.89
10/19/2022,25434.1
10/20/2022,25509.14
10/21/2022,25527.09
10/24/2022,25751.45
10/25/2022,25643.34
10/27/2022,25780.23
10/28/2022,25852.72
10/31/2022,26182.36
11/01/2022,26380.97
11/02/2022,26290.01
11/03/2022,26246.23
11/04/2022,26339.9
11/07/2022,26464.44
11/09/2022,26401.58
11/10/2022,26214.31
11/11/2022,26681.76
11/14/2022,26651.93
11/15/2022,26759.85
11/16/2022,26768.95
11/17/2022,26673.32
11/18/2022,26620.61
11/21/2022,26405.9
11/22/2022,26528.4
11/23/2022,26561.89
11/24/2022,26877.24
11/25/2022,26918.89
11/28/2022,26991.6
11/29/2022,27071.98
11/30/2022,27276.01
12/01/2022,27354.74
12/02/2022,27185.44
12/05/2022,27192.64
12/06/2022,27107.87
12/07/2022,26988.31
12/08/2022,27059.31
12/09/2022,26895.35
12/12/2022,26896.21
12/13/2022,27057.35
12/14/2022,27133.4
12/15/2022,26776.56
12/16/2022,26564.46
12/19/2022,26784.68
12/20/2022,26733.51
12/21/2022,26462.77
12/22/2022,26358.44
12/23/2022,25892.35
12/26/2022,26194.52
12/27/2022,26365.65
12/28/2022,26351.4
12/29/2022,26451.02
12/30/2022,26326.37
01/02/2023,26460.41
01/03/2023,26511.45
01/04/2023,26235.73
01/05/2023,26161.85
01/06/2023,25968.95
01/09/2023,26320.41
01/10/2023,26048.47
01/11/2023,26021.6
01/12/2023,25967.07
01/13/2023,26110.2
01/16/2023,26020.39
01/17/2023,26250.81
01/18/2023,26413.71
01/19/2023,26333.57
01/20/2023,26216.94
01/23/2023,26349.14
01/24/2023,26349.28
01/25/2023,26020.13
01/27/2023,25601.88
01/30/2023,25666.69
01/31/2023,25685.94
02/01/2023,25619.24
02/02/2023,25610.65
02/03/2023,25965.0
02/06/2023,25834.87
02/07/2023,25772.19
02/08/2023,25993.34
02/09/2023,26024.94
02/10/2023,25971.23
02/13/2023,25846.7
02/14/2023,26077.93
02/15/2023,26220.43
02/16/2023,26249.52
02/17/2023,26116.12
02/20/2023,25971.19
02/21/2023,25945.08
02/22/2023,25548.67
02/23/2023,25485.97
02/24/2023,25420.07
02/27/2023,25313.7
02/28/2023,25184.47
03/01/2023,25398.4
03/02/2023,25210.65
03/03/2023,25607.14
03/06/2023,25777.6
03/08/2023,25840.12
03/09/2023,25600.24
03/10/2023,25343.09
03/13/2023,24966.68
03/14/2023,24805.11
03/15/2023,24701.6
03/16/2023,24721.52
03/17/2023,24888.1
03/20/2023,24725.6
03/21/2023,24898.97
03/22/2023,24963.55
03/23/2023,24854.39
03/24/2023,24662.53
03/27/2023,24721.71
03/28/2023,24672.17
03/29/2023,24859.93
03/31/2023,25266.06
04/03/2023,25321.85
04/05/2023,25553.28
04/06/2023,25614.55
04/10/2023,25650.73
04/11/2023,25793.77
04/12/2023,25924.89
04/13/2023,25950.39
04/17/2023,25774.07
04/18/2023,25706.09
04/19/2023,25645.82
04/20/2023,25654.16
04/21/2023,25654.78
04/24/2023,25828.46
04/25/2023,25866.09
04/26/2023,25930.7
04/27/2023,26078.38
04/28/2023,26302.92
05/02/2023,26423.3
05/03/2023,26339.14
05/04/2023,26580.77
05/05/2023,26308.78
05/08/2023,26593.29
05/09/2023,26595.52
05/10/2023,26667.11
05/11/2023,26640.77
05/12/2023,26666.67
05/15/2023,26789.02
05/16/2023,26679.67
05/17/2023,26526.82
05/18/2023,26451.26
05/19/2023,26560.1
05/22/2023,26722.03
05/23/2023,26771.1
05/24/2023,26679.72
05/25/2023,26731.86
05/26/2023,26991.87
05/29/2023,27136.82
05/30/2023,27188.18
05/31/2023,27057.44
06/01/2023,26989.35
06/02/2023,27080.87
06/05/2023,27168.13
06/06/2023,27175.7
06/07/2023,27361.85
06/08/2023,27227.59
06/09/2023,27126.86
06/12/2023,27182.55
06/13/2023,27350.09
06/14/2023,27408.12
06/15/2023,27317.25
06/16/2023,27519.44
06/19/2023,27422.87
06/20/2023,27512.41
06/21/2023,27571.14
06/22/2023,27445.97
06/23/2023,27291.39
06/26/2023,27328.91
06/27/2023,27513.45
06/28/2023,27739.64
06/30/2023,28059.65
07/03/2023,28254.9
07/04/2023,28352.01
07/05/2023,28365.96
07/06/2023,28510.39
07/07/2023,28269.43
07/10/2023,28304.66
07/11/2023,28429.42
07/12/2023,28348.88
07/13/2023,28393.32
07/14/2023,28618.6
07/17/2023,28833.54
07/18/2023,28888.85
07/19/2023,29011.55
07/20/2023,29231.71
07/21/2023,28890.53
07/24/2023,28784.26
07/25/2023,28796.35
07/26/2023,28939.3
07/27/2023,28769.02
07/28/2023,28752.69
07/31/2023,28910.43
08/01/2023,28880.78
08/02/2023,28589.81
08/03/2023,28383.28
08/04/2023,28582.25
08/07/2023,28699.8
08/08/2023,28661.08
08/09/2023,28769.97
08/10/2023,28638.92
08/11/2023,28482.45
08/14/2023,28494.78
08/16/2023,28539.38
08/17/2023,28393.16
08/18/2023,28316.31
08/21/2023,28448.83
08/22/2023,28453.01
08/23/2023,28522.76
08/24/2023,28438.68
08/25/2023,28261.32
08/28/2023,28320.4
08/29/2023,28374.03
08/30/2023,28381.13
08/31/2023,28243.74
09/01/2023,28509.94
09/04/2023,28647.16
09/05/2023,28714.78
09/06/2023,28767.78
09/07/2023,28937.96
09/08/2023,29074.22
09/11/2023,29333.0
09/12/2023,29328.37
09/13/2023,29441.04
09/14/2023,29489.61
09/15/2023,29620.53
09/18/2023,29533.91
09/20/2023,29193.69
09/21/2023,28960.36
09/22/2023,28860.46
09/25/2023,28860.9
09/26/2023,28846.47
09/27/2023,28922.43
09/28/2023,28639.44
09/29/2023,28807.77
10/03/2023,28647.04
10/04/2023,28511.13
10/05/2023,28671.97
10/06/2023,28830.08
10/09/2023,28622.98
10/10/2023,28883.35
10/11/2023,29061.61
10/12/2023,29036.17
10/13/2023,28973.14
10/16/2023,28944.87
10/17/2023,29061.8
10/18/2023,28855.87
10/19/2023,28790.88
10/20/2023,28674.78
10/23/2023,28291.96
10/25/2023,28079.26
10/26/2023,27690.29
10/27/2023,27969.92
10/30/2023,28107.42
10/31/2023,28017.36
11/01/2023,27886.24
11/02/2023,28105.75
11/03/2023,28253.09
11/06/2023,28519.25
11/07/2023,28511.81
11/08/2023,28565.86
11/09/2023,28495.08
11/10/2023,28539.24
11/12/2023,28686.47
11/13/2023,28565.95
11/15/2023,28906.7
11/16/2023,29044.66
11/17/2023,28995.52
11/20/2023,28939.98
11/21/2023,29071.36
11/22/2023,29113.18
11/23/2023,29098.74
11/24/2023,29087.95
11/28/2023,29227.61
11/29/2023,29531.63
11/30/2023,29585.36
12/01/2023,29783.34
12/04/2023,30398.91
12/05/2023,30646.19
12/06/2023,30767.6
12/07/2023,30713.86
12/08/2023,30814.15
12/11/2023,30854.9
12/12/2023,30721.59
12/13/2023,30750.95
12/14/2023,31127.6
12/15/2023,31530.19
12/18/2023,31474.35
12/19/2023,31525.0
12/20/2023,31079.76
12/21/2023,31233.93
12/22/2023,31372.6
12/26/2023,31507.69
12/27/2023,31821.31
12/28/2023,32003.47
12/29/2023,31933.93
01/01/2024,31949.36
01/02/2024,31837.56
01/03/2024,31619.36
01/04/2024,31826.97
01/05/2024,31903.69
01/08/2024,31613.01
01/09/2024,31659.81
01/10/2024,31768.3
01/11/2024,31810.18
01/12/2024,32173.66
01/15/2024,32471.8
01/16/2024,32376.1
01/17/2024,31699.64
01/18/2024,31538.4
01/19/2024,31787.24
01/20/2024,31712.86
01/23/2024,31223.3
01/24/2024,31540.07
01/25/2024,31391.07
01/29/2024,31957.05
01/30/2024,31640.24
01/31/2024,31939.59
02/01/2024,31898.06
02/02/2024,32127.9
02/05/2024,32007.18
02/06/2024,32242.59
02/07/2024,32244.22
02/08/2024,31950.32
02/09/2024,32048.38
02/12/2024,31803.52
02/13/2024,31990.61
02/14/2024,32133.04
02/15/2024,32244.79
02/16/2024,32441.32
02/19/2024,32561.34
02/20/2024,32675.53
02/21/2024,32466.65
02/22/2024,32705.7
02/23/2024,32698.69
02/26/2024,32565.29
02/27/2024,32677.61
02/28/2024,32313.7
02/29/2024,32360.25
03/01/2024,32884.29
03/02/2024,32942.63
03/04/2024,32982.68
03/05/2024,32910.07
03/06/2024,33083.42
03/07/2024,33112.15
03/11/2024,32875.25
03/12/2024,32879.74
03/13/2024,32382.22
03/14/2024,32601.49
03/15/2024,32420.41
03/18/2024,32468.0
03/19/2024,32117.3
03/20/2024,32149.17
03/21/2024,32403.6
03/22/2024,32528.43
03/26/2024,32392.94
03/27/2024,32568.01
03/28/2024,32867.23
04/01/2024,33066.13
04/02/2024,33053.33
04/03/2024,33025.82
04/04/2024,33143.59
04/05/2024,33142.19
04/08/2024,33366.87
04/09/2024,33332.19
04/10/2024,33495.65
04/12/2024,33150.59
04/15/2024,32787.15
04/16/2024,32603.74
04/18/2024,32379.9
04/19/2024,32602.42
04/22/2024,32881.22
04/23/2024,32927.73
04/24/2024,32978.37
04/25/2024,33225.64
04/26/2024,33004.19
04/29/2024,33333.12
04/30/2024,33276.41
05/02/2024,33340.2
05/03/2024,33086.51
05/06/2024,33037.73
05/07/2024,32837.71
05/08/2024,32837.65
05/09/2024,32329.72
05/10/2024,32522.55
05/13/2024,32594.61
05/14/2024,32762.37
05/15/2024,32736.91
05/16/2024,33046.16
05/17/2024,33138.02
05/18/2024,33190.97
05/21/2024,33230.84
05/22/2024,33349.84
05/23/2024,33895.66
05/24/2024,33881.75
05/27/2024,33845.39
05/28/2024,33780.01
05/29/2024,33509.23
05/30/2024,33190.35
05/31/2024,33285.9
06/03/2024,34369.13
06/04/2024,32353.5
06/05/2024,33441.4
06/06/2024,33738.58
06/07/2024,34431.61
06/10/2024,34385.84
06/11/2024,34402.0
06/12/2024,34487.88
06/13/2024,34600.19
06/14/2024,34710.67
06/18/2024,34847.24
06/19/2024,34786.58
06/20/2024,34873.15
06/21/2024,34779.9
06/24/2024,34834.33
06/25/2024,35105.79
06/26/2024,35324.11
06/27/2024,35585.62
06/28/2024,35539.16
07/01/2024,35733.58
07/02/2024,35706.77
07/03/2024,35947.53
07/04/2024,35970.64
07/05/2024,36009.61
07/08/2024,36004.74
07/09/2024,36173.87
07/10/2024,36012.82
07/11/2024,36000.25
07/12/2024,36278.67
07/15/2024,36403.86
07/16/2024,36445.79
07/18/2024,36723.93
07/19/2024,36328.6
07/22/2024,36296.55
07/23/2024,36257.51
07/24/2024,36160.36
07/25/2024,36149.4
07/26/2024,36784.48
07/29/2024,36786.3
07/30/2024,36820.47
07/31/2024,36959.48
08/01/2024,37049.7
08/02/2024,36624.49
08/05/2024,35646.37
08/06/2024,35554.15
08/07/2024,36020.75
08/08/2024,35753.12
08/09/2024,36126.23
08/12/2024,36119.45
08/13/2024,35810.83
08/14/2024,35817.89
08/16/2024,36415.85
08/19/2024,36473.95
08/20/2024,36661.24
08/21/2024,36767.19
08/22/2024,36828.5
08/23/2024,36849.02
08/26/2024,37127.3
08/27/2024,37137.91
08/28/2024,37189.27
08/29/2024,37337.09
08/30/2024,37461.73
09/02/2024,37525.28
09/03/2024,37526.97
09/04/2024,37406.55
09/05/2024,37326.99
09/06/2024,36892.07
09/09/2024,37017.15
09/10/2024,37172.57
09/11/2024,36990.52
09/12/2024,37688.9
09/13/2024,37640.8
09/16/2024,37681.24
09/17/2024,37732.87
09/18/2024,37672.03
09/19/2024,37728.83
09/20/2024,38285.67
09/23/2024,38505.51
09/24/2024,38507.55
09/25/2024,38602.21
09/26/2024,38916.76
09/27/2024,38861.64
09/30/2024,38315.21
10/01/2024,38294.54
10/03/2024,37482.84
10/04/2024,37133.25
10/07/2024,36808.37
10/08/2024,37131.07
10/09/2024,37084.75
10/10/2024,37109.26
10/11/2024,37058.49
10/14/2024,37301.5
10/15/2024,37196.69
10/16/2024,37068.99
10/17/2024,36740.25
10/18/2024,36898.25
10/21/2024,36789.95
10/22/2024,36335.46
10/23/2024,36281.1
10/24/2024,36227.52
10/25/2024,35902.92
10/28/2024,36138.03
10/29/2024,36352.63
10/30/2024,36165.43
10/31/2024,35971.14
11/01/2024,36118.25
11/04/2024,35659.07
11/05/2024,35982.96
11/06/2024,36393.85
11/07/2024,35972.74
11/08/2024,35896.71
11/11/2024,35886.42
11/12/2024,35503.11
11/13/2024,35020.93
11/14/2024,34988.48
11/18/2024,34871.21
11/19/2024,34968.0
11/21/2024,34717.32
11/22/2024,35546.01
11/25/2024,36013.85
11/26/2024,35973.11
11/27/2024,36092.65
11/28/2024,35556.27
11/29/2024,35878.82
12/02/2024,36094.39
12/03/2024,36363.63
12/04/2024,36378.91
12/05/2024,36737.18
12/06/2024,36691.68
12/09/2024,36604.29
12/10/2024,36590.98
12/11/2024,36638.14
12/12/2024,36499.75
12/13/2024,36826.27
12/16/2024,36677.48
12/17/2024,36183.53
12/18/2024,35979.58
12/19/2024,35612.11
12/20/2024,35070.59
12/23/2024,35317.36
12/24/2024,35278.97
12/26/2024,35312.5
12/27/2024,35406.5
12/30/2024,35155.94
12/31/2024,35155.77
01/01/2025,35301.63
01/02/2025,35964.43
01/03/2025,35690.96
01/06/2025,35113.04
01/07/2025,35249.64
01/08/2025,35221.43
01/09/2025,34979.91
01/10/2025,34838.66
01/13/2025,34324.87
01/14/2025,34458.87
01/15/2025,34514.06
01/16/2025,34660.67
01/17/2025,34531.21
01/20/2025,34741.89
01/21/2025,34265.55
01/22/2025,34460.03
01/23/2025,34534.46
01/24/2025,34366.04
01/27/2025,33974.58
01/28/2025,34165.22
01/29/2025,34474.8
01/30/2025,34603.4
01/31/2025,34998.01
02/01/2025,34958.89
02/03/2025,34778.66
02/04/2025,35341.64
02/05/2025,35277.7
02/06/2025,35143.08
02/07/2025,35091.5
02/10/2025,34825.87
02/11/2025,34364.39
02/12/2025,34344.93
02/13/2025,34324.31
02/14/2025,34172.38
02/17/2025,34217.48
02/18/2025,34196.32
02/19/2025,34177.82
02/20/2025,34148.36
02/21/2025,33973.61
02/24/2025,33612.18
02/25/2025,33603.55
02/27/2025,33599.79
02/28/2025,32973.36
03/03/2025,32965.25
03/04/2025,32910.63
03/05/2025,33290.2
03/06/2025,33599.3
03/07/2025,33611.3
03/10/2025,33473.92
03/11/2025,33531.68
03/12/2025,33490.87
03/13/2025,33381.62
03/17/2025,33547.88
03/18/2025,34033.06
03/19/2025,34142.35
03/20/2025,34564.18
03/21/2025,34802.3
03/24/2025,35261.27
03/25/2025,35276.65
03/26/2025,35005.67
03/27/2025,35162.32
03/28/2025,35054.08
04/01/2025,34527.01
04/02/2025,34775.4
04/03/2025,34652.84
04/04/2025,34137.61
04/07/2025,33030.49
04/08/2025,33588.28
04/09/2025,33384.56
04/11/2025,34024.5
04/15/2025,34769.71
04/16/2025,34931.66
04/17/2025,35549.39
04/21/2025,35957.62
04/22/2025,36019.75
04/23/2025,36260.74
04/24/2025,36138.21
04/25/2025,35829.16
04/28/2025,36266.41
04/29/2025,36277.48
04/30/2025,36274.87
05/02/2025,36293.51
05/05/2025,36464.1
05/06/2025,36342.6
05/07/2025,36394.46
05/08/2025,36184.82
05/09/2025,35789.63
05/12/2025,37156.25
05/13/2025,36639.87
05/14/2025,36771.94
05/15/2025,37361.05
05/16/2025,37318.13
05/19/2025,37207.25
05/20/2025,36817.14
05/21/2025,37010.35
05/22/2025,36706.44
05/23/2025,37069.55
05/26/2025,37290.3
05/27/2025,37029.33
05/28/2025,36943.42
05/29/2025,37066.34
05/30/2025,36972.5
06/02/2025,36921.62
06/03/2025,36674.69
06/04/2025,36805.09
06/05/2025,37000.49
06/06/2025,37377.42
06/09/2025,37527.12
06/10/2025,37531.76
06/11/2025,37587.31
06/12/2025,37209.11
06/13/2025,36957.38
06/16/2025,37298.12
06/17/2025,37158.95
06/18/2025,37097.13
06/19/2025,37069.02
06/20/2025,37546.89
06/23/2025,37343.91
06/24/2025,37452.24
06/25/2025,37751.94
06/26/2025,38206.88
06/27/2025,38398.23
06/30/2025,38217.32
07/01/2025,38254.39
07/02/2025,38121.99
07/03/2025,38049.97
07/04/2025,38142.94
07/07/2025,38145.33
07/08/2025,38239.39
07/09/2025,38169.85
07/10/2025,37990.41
07/11/2025,37684.07
07/14/2025,37582.84
07/15/2025,37752.92
07/16/2025,37780.94
07/17/2025,37630.21
07/18/2025,37435.72
07/21/2025,37619.09
07/22/2025,37574.38
07/23/2025,37812.76
07/24/2025,37578.97
07/25/2025,37257.14
07/28/2025,37027.65
07/29/2025,37238.03
07/30/2025,37288.94
07/31/2025,37158.88
08/01/2025,36863.4
08/04/2025,37099.55
08/05/2025,36989.75
08/06/2025,36880.81
08/07/2025,36913.76
08/08/2025,36566.63
08/11/2025,36900.03
08/12/2025,36780.73
08/13/2025,36978.89
08/14/2025,37010.27
08/18/2025,37379.38
08/19/2025,37537.42
08/20/2025,37642.41
08/21/2025,37696.23
08/22/2025,37375.09
08/25/2025,37521.9
08/26/2025,37137.57
08/28/2025,36820.25
08/29/2025,36709.0
09/01/2025,37006.87
09/02/2025,36938.57
09/03/2025,37142.11
09/04/2025,37177.94
09/05/2025,37188.02
09/08/2025,37236.28
09/09/2025,37379.78
09/10/2025,37536.88
09/11/2025,37585.52
09/12/2025,37748.61
09/15/2025,37681.33
09/16/2025,37936.66
09/17/2025,38073.65
09/18/2025,38213.97
09/19/2025,38068.84
09/22/2025,37881.41
09/23/2025,37832.09
09/24/2025,37662.84
09/25/2025,37413.25
09/26/2025,37058.3
09/29/2025,37028.48
09/30/2025,36992.7
10/01/2025,37331.2
10/03/2025,37418.3
10/06/2025,37694.02
10/07/2025,37740.1
10/08/2025,37646.65
10/09/2025,37850.52
10/10/2025,38006.18
10/13/2025,37918.98
10/14/2025,37795.97
10/15/2025,38067.31
10/16/2025,38460.73
10/17/2025,38652.19
10/20/2025,38855.68
10/21/2025,38893.95
10/23/2025,38928.23
10/24/2025,38783.54
10/27/2025,39067.59
10/28/2025,39022.73
10/29/2025,39199.8
10/30/2025,38934.92
10/31/2025,38700.6
11/03/2025,38762.65
11/04/2025,38513.37
11/06/2025,38381.02
11/07/2025,38366.88
11/10/2025,38497.01
11/11/2025,38678.54
11/12/2025,38950.78
11/13/2025,38955.83
11/14/2025,39002.37
11/17/2025,39157.99
11/18/2025,39003.01
11/19/2025,39217.69
11/20/2025,39427.65
11/21/2025,39241.0
11/24/2025,39077.5
11/25/2025,38965.0
11/26/2025,39447.49
11/27/2025,39462.93
11/28/2025,39443.91
12/01/2025,39403.02
12/02/2025,39186.92
12/03/2025,39117.33
12/04/2025,39189.27
12/05/2025,39419.07
12/08/2025,39079.02
12/09/2025,38897.02
12/10/2025,38774.13
12/11/2025,38985.75
12/12/2025,39209.12
12/15/2025,39179.54
12/16/2025,38927.87
12/17/2025,38865.29
12/18/2025,38860.78
12/19/2025,39087.88
12/22/2025,39397.94
12/23/2025,39405.1
12/24/2025,39352.35
12/26/2025,39202.11
12/29/2025,39051.24
12/30/2025,39046.4
12/31/2025,39333.55
01/01/2026,39359.02
01/02/2026,39632.99
01/05/2026,39515.23
01/06/2026,39407.42
01/07/2026,39350.28
01/08/2026,38953.08
01/09/2026,38661.67
01/12/2026,38822.72
01/13/2026,38735.47
01/14/2026,38635.05
01/16/2026,38701.71
01/19/2026,38537.78
01/20/2026,38006.05
01/21/2026,37893.11
01/22/2026,38092.55
01/23/2026,37729.14
01/27/2026,37920.03
01/28/2026,38172.11
01/29/2026,38286.86
01/30/2026,38138.83
02/01/2026,37392.92
02/02/2026,37789.0
02/03/2026,38751.71
02/04/2026,38824.69
02/05/2026,38627.94
02/06/2026,38710.58
02/09/2026,38976.99
02/10/2026,39079.22
02/11/2026,39107.4
02/12/2026,38886.41
02/13/2026,38379.95
02/16/2026,38699.22
02/17/2026,38763.5
02/18/2026,38909.22
02/19/2026,38359.13
02/20/2026,38535.31
02/23/2026,38748.94
02/24/2026,38314.37
02/25/2026,38401.58
02/26/2026,38422.72
02/27/2026,37943.67
03/02/2026,37472.06
03/04/2026,36891.56
03/05/2026,37321.66
03/06/2026,36848.97
03/09/2026,36212.4
03/10/2026,36564.4
03/11/2026,35969.45
03/12/2026,35626.27
03/13/2026,34890.78
03/16/2026,35279.17
03/17/2026,35538.92
03/18/2026,35835.24
03/19/2026,34666.28
03/20/2026,34835.63
03/23/2026,33928.59
03/24/2026,34530.99
03/25/2026,35124.87
03/27/2026,34391.13
03/30/2026,33655.43
04/01/2026,34179.9
04/02/2026,34230.63
04/06/2026,34615.19
04/07/2026,34849.41
04/08/2026,36166.14
04/09/2026,35831.22
04/10/2026,36246.4
04/13/2026,35932.96
04/15/2026,36518.69
04/16/2026,36466.62
04/17/2026,36702.93
04/20/2026,36719.99
04/21/2026,37039.12
04/22/2026,36739.93
04/23/2026,36430.96
04/24/2026,36024.64
04/27/2026,36318.25
04/28/2026,36172.04
04/29/2026,36446.26
04/30/2026,36174.8
05/04/2026,36358.33
05/05/2026,36227.97
05/06/2026,36677.36
05/07/2026,36670.88
05/08/2026,36444.03
05/11/2026,35900.87
05/12/2026,35243.17
05/13/2026,35293.05
05/14/2026,35710.57
05/15/2026,35664.76
05/18/2026,35674.46
05/19/2026,35626.29
05/20/2026,35688.12
05/21/2026,35681.64
05/22/2026,35793.78
05/25/2026,36277.77
05/26/2026,36099.61
05/27/2026,36089.71
05/29/2026,35552.64
06/01/2026,35303.3
06/02/2026,35455.73
06/03/2026,35338.07
06/04/2026,35354.58
06/05/2026,35295.11
06/08/2026,34926.96
06/09/2026,35106.89
06/10/2026,35065.85
06/11/2026,34985.25
06/12/2026,35695.33
06/15/2026,36044.4
06/16/2026,36248.81
06/17/2026,36394.66
06/18/2026,36519.02
06/19/2026,36353.45
06/22/2026,36489.39
06/23/2026,36077.17
06/24/2026,36376.39
06/25/2026,36428.37
06/29/2026,36262.15
06/30/2026,36145.88
07/01/2026,36358.08
07/02/2026,36615.31
07/03/2026,36772.46
07/06/2026,37014.1
07/07/2026,36970.13
07/08/2026,36187.26
07/09/2026,36311.62
07/10/2026,36688.15
07/13/2026,36694.4
07/14/2026,36453.46
07/15/2026,36497.59
07/16/2026,36488.9
07/17/2026,36891.14
07/20/2026,36745.92
07/21/2026,36668.86
07/22/2026,36378.67
07/23/2026,36186.61
07/24/2026,36055.94
07/27/2026,36404.48
07/28/2026,36388.43
07/29/2026,36790.18
07/30/2026,36891.81
07/31/2026,37000.72
08/03/2026,37622.04
08/04/2026,37379.99
08/05/2026,37394.79
08/06/2026,37412.02
08/07/2026,37320.16
08/10/2026,37340.74
08/11/2026,37170.47
08/12/2026,37116.2
08/13/2026,37057.8
08/14/2026,37012.79
08/17/2026,36893.77
08/18/2026,36692.13
08/19/2026,36575.78
08/20/2026,36808.99
08/21/2026,36839.6
08/24/2026,36789.58
08/25/2026,36965.04
08/26/2026,36772.39
08/27/2026,36594.87
08/28/2026,36723.65
08/31/2026,36579.0
09/01/2026,36541.61
09/02/2026,36332.38
09/03/2026,36270.12
09/04/2026,36312.44
09/07/2026,36132.24
